,word,count
0,aa,572
1,ab,38439
2,aba,1190
3,abb,544
4,abe,1331
5,abi,4029
6,ability,1308
7,abin,283
8,able,8887
9,ably,1886
10,abo,13838
11,abor,1094
12,abort,315
13,abou,11430
14,abr,639
15,abs,1520
16,absolut,612
17,absolute,599
18,abu,783
19,abuse,513
20,aby,584
21,ac,75529
22,aca,1119
23,acc,8373
24,acce,2145
25,accept,1113
26,access,835
27,acco,3466
28,accord,1623
29,according,1505
30,account,1257
31,accuse,551
32,accused,385
33,ace,11748
34,aced,1057
35,aces,940
36,ach,7627
37,ache,1612
38,ached,669
39,achieve,458
40,achin,1444
41,aching,528
42,aci,4511
43,acing,618
44,acis,1167
45,ack,15997
46,acknowledge,299
47,acl,471
48,aco,443
49,acr,2037
50,acre,520
51,across,1132
52,act,19045
53,acted,601
54,actic,1459
55,acting,464
56,actio,2646
57,action,2640
58,actions,993
59,active,721
60,activist,546
61,acto,1187
62,actor,1064
63,actors,458
64,acts,1128
65,actual,2186
66,actually,1755
67,acu,478
68,ad,59612
69,ada,1932
70,add,4084
71,added,857
72,adding,290
73,addition,806
74,additional,345
75,addre,777
76,address,776
77,ade,11195
78,aded,693
79,adl,966
80,adly,474
81,adm,2799
82,admin,1789
83,administration,1247
84,admit,714
85,ado,2597
86,ads,1357
87,adu,749
88,adv,2922
89,advance,515
90,advantage,365
91,advert,314
92,advise,412
93,adviser,246
94,ady,3124
95,ae,4466
96,af,11645
97,aff,3168
98,affect,552
99,aft,5898
100,ag,36394
101,aga,8345
102,agains,4692
103,age,16192
104,aged,1470
105,agement,462
106,agen,2530
107,agencies,444
108,agency,551
109,agenda,531
110,agent,855
111,agents,631
112,ager,641
113,ages,1786
114,aggress,550
115,aging,812
116,ago,2622
117,agon,685
118,agree,1806
119,agreed,362
120,agreement,695
121,ah,3967
122,aha,382
123,ahead,442
124,aho,312
125,ai,69426
126,aid,10484
127,aide,523
128,aig,5247
129,aila,796
130,ailed,1133
131,aili,471
132,ailing,423
133,ails,3685
134,ailure,475
135,aim,3163
136,aime,870
137,aimed,838
138,aims,914
139,aine,3316
140,aint,1780
141,air,5733
142,aire,901
143,airman,493
144,airs,781
145,ais,2150
146,ait,2447
147,aj,2900
148,ak,26013
149,aka,440
150,akers,372
151,akin,4236
152,ako,896
153,al,183503
154,ala,2333
155,alan,643
156,alar,342
157,ald,4871
158,ale,5857
159,aled,926
160,alen,418
161,ales,1558
162,alf,1255
163,ali,15911
164,alia,913
165,alien,377
166,alking,939
167,alla,448
168,alle,5295
169,allege,671
170,alleged,629
171,allen,856
172,aller,392
173,allie,932
174,allies,787
175,allin,883
176,allo,3189
177,allot,650
178,allow,2173
179,allowed,680
180,alls,1108
181,ally,16644
182,alm,1839
183,almo,1123
184,almost,1074
185,alon,1838
186,alone,580
187,along,1209
188,already,2009
189,als,14644
190,alse,807
191,also,6528
192,alt,6165
193,alte,953
194,alter,838
195,altho,417
196,although,414
197,alway,1428
198,always,1426
199,aly,1719
200,ama,9356
201,amac,487
202,amaca,475
203,amb,1188
204,ame,13331
205,amen,1358
206,ament,1127
207,amer,709
208,ames,1681
209,ami,5890
210,amin,1512
211,amm,1361
212,amma,395
213,amo,3278
214,amon,1332
215,among,1245
216,amount,927
217,amp,8910
218,ample,1584
219,amps,461
220,ana,5188
221,anad,697
222,anal,1170
223,analyst,260
224,anc,13584
225,ance,9584
226,ancel,308
227,anche,247
228,anda,3200
229,ande,2694
230,ander,1571
231,anders,804
232,andi,4777
233,ands,3025
234,ang,10390
235,ange,7680
236,anger,1652
237,angi,562
238,anh,135
239,ani,10135
240,anic,930
241,anies,746
242,anima,416
243,anis,1413
244,ann,6514
245,anna,493
246,anne,1706
247,anni,720
248,anning,444
249,anno,2625
250,announce,1053
251,announced,622
252,annual,255
253,ano,3813
254,anon,325
255,another,2475
256,ans,16477
257,ansa,381
258,answer,901
259,ant,21844
260,ante,1903
261,anti,3450
262,antic,469
263,ants,3370
264,anu,1266
265,anyone,1143
266,anythin,1292
267,anything,1291
268,ao,892
269,ap,26485
270,apa,1749
271,apar,397
272,apart,344
273,ape,3053
274,aper,1296
275,api,1860
276,app,11109
277,apparent,541
278,appeal,313
279,appear,2259
280,appeared,574
281,appears,716
282,appoint,650
283,appr,1970
284,approach,527
285,approve,302
286,apse,707
287,apt,1362
288,aq,2270
289,aqi,560
290,ar,197962
291,ara,6202
292,aran,915
293,arat,1102
294,arc,5201
295,arch,4219
296,arche,769
297,archer,531
298,archers,393
299,archi,575
300,ard,11907
301,area,1583
302,areas,658
303,arel,354
304,arent,1590
305,ares,719
306,argue,494
307,argued,189
308,argument,396
309,ari,9853
310,aria,1649
311,arian,1162
312,arie,965
313,aries,672
314,arin,2365
315,aris,821
316,ark,5192
317,arlie,932
318,arm,5087
319,arma,612
320,arme,1169
321,armed,746
322,armi,628
323,armin,505
324,arming,503
325,arms,746
326,arn,3528
327,arne,1590
328,arol,457
329,around,2481
330,arrest,725
331,arrested,397
332,arrive,317
333,arrived,203
334,ars,10056
335,arsh,400
336,art,23167
337,arte,2188
338,artic,3942
339,article,2194
340,articular,1038
341,artie,577
342,artis,451
343,artist,143
344,arts,845
345,arty,2784
346,ash,5652
347,ashe,634
348,ashin,2583
349,ashington,2308
350,asis,515
351,ask,2841
352,aske,1116
353,asked,1024
354,asking,363
355,asn,917
356,aso,3247
357,asp,695
358,ass,13176
359,assault,609
360,assed,539
361,asser,351
362,asses,821
363,assis,554
364,assist,547
365,assoc,583
366,associate,446
367,assum,549
368,ast,16105
369,asti,1004
370,astro,524
371,asu,1357
372,ata,2886
373,atc,2581
374,ate,59169
375,ately,2462
376,ates,9838
377,ath,7569
378,atic,3527
379,atm,697
380,ato,3971
381,atri,1018
382,ats,3103
383,att,11214
384,atta,3044
385,attack,2656
386,attacks,834
387,attempt,1305
388,attend,411
389,attention,673
390,atti,295
391,atto,432
392,attorney,375
393,atu,4179
394,au,23317
395,auc,532
396,audi,1760
397,audie,262
398,audience,256
399,aug,2015
400,aul,2170
401,ault,972
402,aun,1158
403,aura,234
404,aus,9002
405,ause,7849
406,auth,2264
407,author,2093
408,authorities,382
409,auto,562
410,av,39322
411,ava,1527
412,avail,693
413,available,629
414,ave,29557
415,aver,888
416,average,452
417,avi,5017
418,avid,998
419,aving,2060
420,avis,192
421,avoid,669
422,aw,10571
423,awa,3152
424,awar,923
425,aware,679
426,away,1688
427,aws,1155
428,ax,2700
429,axe,546
430,axes,440
431,ay,41963
432,aye,1985
433,ayer,1039
434,ayers,444
435,ayin,2317
436,az,3660
437,ba,35674
438,bab,1765
439,back,4828
440,bad,1395
441,bag,368
442,bal,4616
443,bala,455
444,bali,777
445,ball,1273
446,ballo,625
447,bam,6878
448,bama,6852
449,ban,4707
450,band,973
451,bank,2129
452,banks,733
453,bar,2312
454,barr,582
455,bart,227
456,bas,4113
457,base,2311
458,based,1401
459,basic,589
460,bass,501
461,bat,2868
462,bate,1012
463,battle,684
464,bb,2199
465,bea,1504
466,beat,490
467,bec,8797
468,became,744
469,become,2244
470,becoming,455
471,bed,2284
472,bee,11092
473,beg,2366
474,began,840
475,begin,1174
476,beginn,537
477,beginning,527
478,beh,2196
479,behavior,487
480,behind,1143
481,bei,5730
482,bel,6315
483,belie,3638
484,believe,2897
485,believed,409
486,belo,1082
487,ben,1837
488,bene,1201
489,benefit,909
490,benefits,418
491,ber,17229
492,bera,2051
493,berat,560
494,berg,623
495,bert,1571
496,best,1571
497,bet,5028
498,bett,1633
499,bette,1541
500,better,1529
501,bey,721
502,beyond,589
503,bi,17759
504,bia,1637
505,bid,486
506,big,2279
507,bigg,768
508,biggest,547
509,bil,5386
510,bill,1863
511,billion,1351
512,bin,2134
513,bing,1052
514,bio,648
515,bir,753
516,birth,435
517,bis,576
518,bit,2114
519,biti,306
520,bj,1681
521,bla,3073
522,blac,1569
523,black,1565
524,blame,649
525,ble,17447
526,bled,464
527,bli,11867
528,bling,426
529,blishment,1087
530,blo,3327
531,bloc,955
532,block,861
533,blog,670
534,blood,849
535,blow,647
536,blu,465
537,bly,2822
538,bo,32063
539,boa,923
540,boar,638
541,board,636
542,bod,2385
543,body,1957
544,bom,1350
545,bomb,1314
546,bon,843
547,boo,3277
548,book,2705
549,books,342
550,bora,360
551,borat,315
552,bord,999
553,borde,946
554,border,944
555,born,611
556,bot,3049
557,bout,11917
558,bove,882
559,box,323
560,boy,558
561,br,12593
562,bra,3205
563,brain,933
564,bran,606
565,brand,305
566,brat,539
567,bre,2485
568,brea,1809
569,break,1233
570,bri,3064
571,brie,363
572,brief,314
573,briefing,93
574,brin,1288
575,bring,1228
576,bro,2933
577,broad,715
578,brok,726
579,broke,726
580,brot,394
581,broth,386
582,brother,376
583,brought,608
584,bs,6932
585,bsc,464
586,bse,1294
587,bst,1002
588,bt,2535
589,bu,23390
590,bud,420
591,budge,325
592,budget,322
593,bui,1889
594,build,1446
595,building,705
596,built,429
597,bul,866
598,bull,552
599,bun,621
600,bur,1883
601,burg,235
602,burn,596
603,bus,2810
604,business,1452
605,bute,587
606,buy,744
607,bvi,792
608,ca,97886
609,cab,627
610,cad,1692
611,cade,1504
612,cal,20870
613,call,8084
614,calle,2299
615,called,2274
616,callin,535
617,calling,535
618,calls,582
619,cam,7986
620,came,2326
621,camp,5418
622,campa,4387
623,campaign,4352
624,cancer,624
625,candi,2486
626,candid,2456
627,candida,2443
628,candidat,2328
629,candidate,2307
630,candidates,690
631,cann,1483
632,cannot,1044
633,cans,3840
634,cant,933
635,cap,2819
636,capa,746
637,cape,464
638,capita,885
639,capital,852
640,capt,482
641,car,6632
642,card,431
643,care,2950
644,career,391
645,carr,1143
646,carrie,493
647,carried,282
648,carry,575
649,cars,224
650,cas,5036
651,case,2667
652,cases,587
653,cash,508
654,casi,389
655,cast,992
656,cat,7042
657,cate,2574
658,cation,3176
659,cause,7545
660,caused,506
661,cc,14097
662,cca,483
663,cci,1463
664,ccording,2808
665,ce,96062
666,cea,697
667,ced,5624
668,cede,574
669,cee,702
670,cef,529
671,cei,1904
672,ceived,856
673,cele,723
674,celeb,471
675,celebra,307
676,cell,911
677,cem,1989
678,cement,1506
679,cen,9687
680,cene,402
681,cent,7778
682,center,606
683,central,731
684,century,557
685,cep,2971
686,cept,2822
687,cern,1443
688,cert,1740
689,certain,1505
690,certainly,588
691,ces,14259
692,cess,5130
693,cessi,631
694,ch,73216
695,cha,12933
696,chae,987
697,chai,869
698,chair,628
699,chairman,297
700,chal,743
701,challenge,577
702,cham,277
703,chan,5526
704,chance,739
705,chang,3874
706,change,3573
707,changed,533
708,changes,516
709,char,3031
710,character,551
711,chard,401
712,charge,1324
713,charged,339
714,charges,474
715,chas,492
716,che,10005
717,check,905
718,chem,983
719,chemi,576
720,chen,634
721,cher,1478
722,chers,680
723,chest,306
724,chi,8431
725,chief,543
726,child,2786
727,children,1823
728,chin,2630
729,chine,858
730,ching,1516
731,cho,5031
732,choi,837
733,choice,814
734,chol,705
735,choo,2143
736,chose,397
737,chu,956
738,church,448
739,ci,47511
740,cia,12650
741,cial,9604
742,cials,1513
743,cid,3331
744,cide,2811
745,cided,725
746,cie,6211
747,cien,2927
748,cientist,602
749,cil,1316
750,cine,1216
751,cio,1975
752,cious,1262
753,cip,1910
754,cir,1054
755,circ,1013
756,cis,4493
757,cism,914
758,cit,5574
759,cite,643
760,cited,357
761,citi,2176
762,cities,619
763,citiz,1233
764,citizen,1232
765,citizens,932
766,city,1973
767,civ,1958
768,civil,1875
769,civilian,871
770,civilians,573
771,ck,30690
772,cke,4946
773,cked,2442
774,cker,1064
775,ckin,2031
776,cking,1994
777,cks,3007
778,cl,27235
779,cla,6262
780,claim,2595
781,claimed,649
782,claims,799
783,clare,596
784,clas,2266
785,class,2138
786,cle,9589
787,clean,550
788,clear,4206
789,clearly,576
790,cli,2105
791,clima,484
792,climat,466
793,climate,458
794,clin,884
795,cline,463
796,clos,2734
797,close,2242
798,closed,365
799,club,199
800,co,116115
801,coal,537
802,cod,513
803,code,447
804,cog,907
805,cognize,457
806,col,4589
807,coll,2444
808,collaps,608
809,collect,737
810,college,451
811,colo,1018
812,color,399
813,com,29646
814,comb,789
815,come,7097
816,comes,1813
817,comfort,292
818,comin,1892
819,coming,1888
820,comm,7823
821,comma,461
822,command,460
823,comme,2765
824,commend,495
825,comment,1939
826,comments,720
827,commit,1205
828,committed,422
829,committee,254
830,common,905
831,community,890
832,comp,7988
833,companies,708
834,company,848
835,compare,358
836,complain,401
837,comple,1847
838,complete,1382
839,completely,683
840,complex,377
841,comput,522
842,compute,499
843,computer,493
844,con,38711
845,concern,1326
846,concerne,450
847,concerned,448
848,concerns,379
849,conclu,738
850,conclude,326
851,condi,718
852,condition,705
853,conduct,712
854,confer,305
855,conference,287
856,confide,434
857,confiden,419
858,confirm,730
859,confirmed,413
860,conflict,828
861,confront,446
862,cong,628
863,congres,404
864,congress,375
865,conn,1122
866,connect,1047
867,connection,495
868,cons,8422
869,conserv,871
870,conserva,847
871,conservative,735
872,consider,1665
873,considere,480
874,considered,480
875,consist,470
876,const,1839
877,constitution,507
878,construct,542
879,construction,359
880,consume,418
881,consumer,267
882,cont,11269
883,conta,1453
884,contact,499
885,contain,776
886,conte,1667
887,content,926
888,conti,3206
889,continue,2505
890,continued,597
891,continues,602
892,contra,1145
893,contract,444
894,contro,3032
895,control,2613
896,convent,275
897,convention,273
898,conversation,320
899,convict,299
900,coo,1214
901,coop,467
902,cop,1268
903,cor,9599
904,cord,4418
905,cords,396
906,core,511
907,corp,1594
908,corporate,821
909,correct,685
910,corrupt,1342
911,corruptio,697
912,corruption,697
913,cos,1481
914,cost,1110
915,costs,320
916,cot,551
917,could,5463
918,count,8480
919,counter,725
920,countrie,1504
921,countries,1503
922,country,3748
923,counts,489
924,coup,986
925,couple,493
926,cour,3663
927,courage,711
928,cours,1819
929,course,1801
930,court,923
931,cov,3068
932,cove,3057
933,cover,3014
934,coverage,272
935,covered,965
936,cow,688
937,cq,431
938,cr,31341
939,cra,7474
940,crac,1257
941,craft,581
942,crat,4419
943,crats,1500
944,cre,11307
945,crea,5171
946,crease,1323
947,creased,487
948,creasing,660
949,create,1855
950,created,822
951,cred,1546
952,credit,607
953,cree,775
954,creen,458
955,cri,7745
956,crib,1404
957,crim,2927
958,crime,1309
959,crimes,653
960,criminal,1308
961,crip,655
962,cris,1042
963,crisis,793
964,crit,1295
965,critic,1101
966,critical,423
967,criticism,242
968,criticize,176
969,cro,3186
970,cross,1636
971,crow,464
972,crowd,370
973,cru,1155
974,cry,396
975,cs,3618
976,ct,71024
977,cta,1195
978,cte,6301
979,cto,9376
980,ctr,1129
981,cts,3879
982,ctu,4887
983,cu,23650
984,cult,2364
985,cultura,503
986,cultural,497
987,culture,822
988,cum,2302
989,cup,864
990,cure,642
991,curren,2153
992,current,1556
993,currently,553
994,cus,4431
995,cuse,1162
996,cuss,1408
997,custom,282
998,customer,201
999,cut,2785
1000,cute,519
1001,cy,9699
1002,cyc,493
1003,da,34850
1004,dab,376
1005,dad,672
1006,dai,776
1007,dal,1311
1008,dam,1979
1009,dama,792
1010,damage,641
1011,dan,2672
1012,dance,332
1013,dang,1129
1014,danger,1116
1015,dangerous,654
1016,dar,2327
1017,dark,538
1018,das,683
1019,dat,7226
1020,data,963
1021,date,3714
1022,dates,876
1023,dati,2185
1024,daughter,411
1025,day,10636
1026,days,1785
1027,db,347
1028,dc,545
1029,ddr,843
1030,de,132582
1031,dea,5644
1032,dead,824
1033,deal,1808
1034,deals,329
1035,death,1300
1036,deb,2296
1037,deba,1051
1038,debat,896
1039,debate,851
1040,debt,1004
1041,dec,5939
1042,decade,986
1043,decades,714
1044,decide,1093
1045,decided,710
1046,decision,1147
1047,declare,561
1048,declared,385
1049,decline,393
1050,declined,156
1051,ded,10095
1052,dee,2270
1053,deed,777
1054,deep,1147
1055,def,3955
1056,defeat,538
1057,defen,1678
1058,defend,810
1059,defens,761
1060,defense,647
1061,degree,401
1062,del,3788
1063,dele,460
1064,deli,1166
1065,deliver,531
1066,dem,4691
1067,demand,1043
1068,demi,522
1069,demo,2151
1070,democracy,584
1071,demon,818
1072,demons,568
1073,den,21829
1074,dence,2447
1075,dency,907
1076,deni,677
1077,dent,13949
1078,dential,2442
1079,dents,1447
1080,deo,2727
1081,dep,3796
1082,depa,481
1083,depart,481
1084,department,383
1085,depend,1446
1086,dependent,815
1087,depo,450
1088,der,27504
1089,dera,3397
1090,deri,1011
1091,dern,959
1092,des,12514
1093,desc,1346
1094,describe,878
1095,described,562
1096,dese,491
1097,desi,1309
1098,design,798
1099,designe,464
1100,despite,661
1101,destroy,1271
1102,det,2495
1103,detai,875
1104,detail,772
1105,details,455
1106,deter,994
1107,determine,557
1108,dev,2623
1109,deve,1422
1110,develop,1409
1111,develope,405
1112,development,559
1113,devi,663
1114,devic,470
1115,device,469
1116,df,617
1117,dg,4226
1118,dh,509
1119,di,78634
1120,dia,8532
1121,dian,1142
1122,dic,6134
1123,dicta,547
1124,die,4502
1125,died,523
1126,dier,599
1127,dies,1225
1128,diff,2807
1129,differ,2108
1130,difference,540
1131,different,1493
1132,difficult,678
1133,dig,1043
1134,dim,837
1135,din,18646
1136,dina,912
1137,dinar,481
1138,ding,16495
1139,dio,1420
1140,dip,395
1141,diplo,350
1142,diploma,348
1143,dir,3002
1144,dire,2652
1145,direct,2548
1146,directly,640
1147,directo,701
1148,director,699
1149,dis,12415
1150,disa,1403
1151,disc,3660
1152,disco,1299
1153,discover,900
1154,discus,1285
1155,discuss,1283
1156,discussion,485
1157,diseas,567
1158,disease,566
1159,dish,522
1160,diss,445
1161,district,227
1162,dit,5596
1163,div,2442
1164,dive,457
1165,diver,411
1166,divers,302
1167,dl,7478
1168,dm,4584
1169,dma,438
1170,dman,367
1171,dn,4080
1172,doc,2378
1173,doctor,524
1174,docu,1460
1175,document,1454
1176,documents,623
1177,doe,3770
1178,dog,793
1179,doi,1494
1180,doin,1463
1181,dol,1736
1182,doll,1439
1183,dollar,1428
1184,dollars,724
1185,dom,2795
1186,dome,412
1187,dona,604
1188,donat,558
1189,done,1577
1190,doo,710
1191,door,552
1192,dor,1434
1193,dorse,358
1194,dos,722
1195,doubt,749
1196,dow,4635
1197,doze,355
1198,dozen,321
1199,dr,11993
1200,dra,1910
1201,draw,588
1202,dre,4957
1203,dred,735
1204,dress,1082
1205,drew,433
1206,drin,390
1207,drive,719
1208,driver,158
1209,dro,1721
1210,drop,697
1211,dropp,352
1212,drug,844
1213,drugs,355
1214,ds,18439
1215,dso,127
1216,dt,384
1217,du,15673
1218,dual,1282
1219,duc,5802
1220,duca,947
1221,ducati,669
1222,duce,1823
1223,duct,2564
1224,ducts,432
1225,due,932
1226,dum,664
1227,dur,2956
1228,dus,1536
1229,dust,1430
1230,dv,3308
1231,dw,985
1232,dwa,379
1233,dy,8546
1234,ea,126462
1235,ead,16162
1236,eady,2762
1237,eaker,312
1238,eakin,1251
1239,ealing,764
1240,eally,2248
1241,ear,29451
1242,eared,792
1243,earl,3126
1244,earlier,608
1245,early,2441
1246,earn,1750
1247,earned,666
1248,ears,6020
1249,earth,605
1250,eas,15498
1251,ease,4950
1252,eased,1518
1253,eases,550
1254,easing,860
1255,eason,2669
1256,east,2907
1257,easy,508
1258,eat,16639
1259,eaten,958
1260,eater,640
1261,eating,1090
1262,eats,664
1263,eau,1030
1264,eb,8808
1265,eba,1496
1266,ebe,1008
1267,eboo,1260
1268,ebook,1245
1269,ebt,1075
1270,ebu,404
1271,ec,82133
1272,ecause,5812
1273,ecently,927
1274,eco,11151
1275,econ,4897
1276,econo,3158
1277,econom,3130
1278,economic,1721
1279,economy,1160
1280,ect,32685
1281,ection,10062
1282,ector,3313
1283,ed,190587
1284,ede,4845
1285,eden,670
1286,eder,2605
1287,edge,1530
1288,edged,247
1289,edi,13213
1290,edict,774
1291,edit,1908
1292,editor,619
1293,edl,1615
1294,edo,1512
1295,edom,1080
1296,eds,2152
1297,edu,2322
1298,educ,1779
1299,education,523
1300,edy,522
1301,ee,64160
1302,eec,1264
1303,eek,3841
1304,eeking,332
1305,eeks,920
1306,eel,2367
1307,een,17773
1308,ef,25942
1309,efe,5042
1310,eff,3662
1311,effect,1647
1312,effective,701
1313,effort,1348
1314,efforts,567
1315,efl,590
1316,efore,4506
1317,eft,2652
1318,eg,21244
1319,egal,2426
1320,egan,1023
1321,ego,1330
1322,egot,491
1323,egu,1668
1324,eh,5008
1325,ei,37153
1326,eight,1034
1327,eign,2714
1328,ein,9932
1329,eine,1301
1330,einer,798
1331,eis,461
1332,eit,2404
1333,either,1370
1334,eject,504
1335,ek,4664
1336,eke,477
1337,eks,965
1338,el,93518
1339,ela,5126
1340,elan,634
1341,elated,1063
1342,elation,1750
1343,ele,16108
1344,elec,9473
1345,elect,9381
1346,elected,1062
1347,election,6187
1348,elections,890
1349,electo,799
1350,elector,796
1351,eles,1217
1352,elf,4838
1353,eli,11740
1354,elie,4073
1355,eligious,477
1356,elit,1121
1357,elite,1011
1358,ell,14882
1359,ella,501
1360,elle,1755
1361,ello,747
1362,elly,418
1363,elm,603
1364,elon,615
1365,els,3565
1366,else,1251
1367,elves,1676
1368,ely,11363
1369,em,66982
1370,ema,9634
1371,emai,6267
1372,email,4812
1373,emails,2472
1374,eman,1386
1375,ember,6056
1376,embers,1318
1377,emen,8846
1378,emerge,601
1379,emi,4170
1380,emin,1151
1381,emo,8812
1382,emotion,393
1383,emp,4952
1384,employ,1106
1385,employee,422
1386,employees,322
1387,empt,1897
1388,ems,4075
1389,en,241246
1390,ena,3526
1391,ence,12879
1392,enced,509
1393,encourage,459
1394,end,17294
1395,enda,1377
1396,ende,4032
1397,ended,1372
1398,ender,1055
1399,ending,1850
1400,endo,826
1401,endor,418
1402,ends,1852
1403,ene,11649
1404,energy,919
1405,enes,803
1406,enforce,879
1407,enforcement,686
1408,eng,3116
1409,engage,545
1410,engin,492
1411,engine,387
1412,enjoy,355
1413,enn,1841
1414,eno,3574
1415,enough,1418
1416,ensure,423
1417,ent,92833
1418,ente,4960
1419,enten,347
1420,enter,2205
1421,entire,1395
1422,entity,428
1423,entra,1554
1424,enu,819
1425,enviro,677
1426,environ,675
1427,environment,668
1428,eny,638
1429,eo,22106
1430,eon,1437
1431,eop,12884
1432,eople,12196
1433,eos,509
1434,ep,35333
1435,epa,4125
1436,eph,709
1437,epi,1120
1438,epis,129
1439,episode,112
1440,epo,6847
1441,epr,2496
1442,epub,3389
1443,equal,693
1444,er,346624
1445,era,19347
1446,eral,8431
1447,eran,1100
1448,erb,972
1449,erc,4696
1450,ere,44791
1451,ered,5183
1452,eres,2951
1453,ergen,466
1454,eric,12340
1455,erica,12100
1456,erie,2036
1457,erin,3763
1458,erm,5942
1459,erma,1736
1460,ermine,757
1461,ero,3391
1462,erp,1388
1463,err,6166
1464,erred,429
1465,erri,1423
1466,erring,276
1467,error,2558
1468,ers,42120
1469,erso,3502
1470,erst,2129
1471,ert,9159
1472,erts,888
1473,es,225706
1474,esa,537
1475,esc,2963
1476,escribe,945
1477,esd,1096
1478,ese,14449
1479,esea,1545
1480,esh,796
1481,eso,2022
1482,esp,7075
1483,especial,917
1484,especially,881
1485,espite,1034
1486,ess,30113
1487,essa,2002
1488,esse,3629
1489,essen,671
1490,essential,449
1491,esso,959
1492,est,38987
1493,esta,3878
1494,establish,1475
1495,establishment,894
1496,este,4613
1497,esters,580
1498,estimate,442
1499,esto,1105
1500,ests,2189
1501,et,67844
1502,eta,4822
1503,etc,877
1504,etch,367
1505,eth,6596
1506,ether,2619
1507,eti,4999
1508,etic,1051
1509,etim,632
1510,eto,790
1511,etro,473
1512,ets,4265
1513,ett,6834
1514,etter,2765
1515,etti,1608
1516,etween,2725
1517,ety,1845
1518,eu,3146
1519,eur,884
1520,eut,991
1521,ev,45155
1522,eva,2112
1523,evan,572
1524,eve,33974
1525,even,9433
1526,evening,193
1527,event,2752
1528,events,715
1529,eventual,407
1530,eventually,366
1531,ever,15646
1532,evers,395
1533,every,4818
1534,everyone,950
1535,everything,1085
1536,evi,6614
1537,evidence,1567
1538,evie,938
1539,evil,788
1540,evin,367
1541,evo,1687
1542,evolution,867
1543,ew,25891
1544,ewa,730
1545,ex,29894
1546,exact,815
1547,exactly,617
1548,exam,1724
1549,example,1338
1550,except,583
1551,exchange,472
1552,exec,930
1553,executive,580
1554,exist,1585
1555,existe,619
1556,exit,518
1557,exp,9312
1558,expand,401
1559,expect,1234
1560,expected,531
1561,experience,1064
1562,expert,654
1563,experts,377
1564,explain,1386
1565,explained,485
1566,explo,801
1567,expo,1143
1568,expose,596
1569,express,783
1570,expressed,348
1571,extra,813
1572,extrem,1025
1573,extreme,790
1574,ey,34514
1575,eye,1101
1576,eyes,460
1577,ez,1385
1578,fa,24231
1579,face,1937
1580,fact,4258
1581,facto,639
1582,factor,558
1583,fai,3318
1584,fail,1599
1585,failed,652
1586,failure,442
1587,fair,1157
1588,fait,522
1589,faith,497
1590,fake,496
1591,fal,2057
1592,fall,1123
1593,false,728
1594,fam,2840
1595,familie,447
1596,families,438
1597,family,1489
1598,famous,403
1599,fan,880
1600,far,3189
1601,fare,573
1602,farm,517
1603,fas,1099
1604,fast,439
1605,fat,1321
1606,fath,621
1607,father,595
1608,fav,1121
1609,favor,1039
1610,fe,33156
1611,fea,2319
1612,fear,1210
1613,feat,1025
1614,feature,342
1615,fec,3372
1616,fed,2053
1617,fede,1628
1618,feder,1627
1619,federal,1565
1620,fee,2566
1621,feel,1610
1622,feelin,437
1623,feeling,435
1624,feet,265
1625,fell,648
1626,fellow,344
1627,felt,455
1628,fema,368
1629,female,365
1630,fen,3233
1631,fend,1058
1632,fer,8016
1633,ferenc,1535
1634,ferre,417
1635,ferri,258
1636,fess,1098
1637,fest,520
1638,fet,788
1639,ff,24289
1640,ffa,663
1641,ffice,3014
1642,ffs,361
1643,fi,40438
1644,fic,11346
1645,fica,1938
1646,fice,3240
1647,fide,520
1648,fied,2029
1649,fiel,876
1650,field,870
1651,fig,2914
1652,fight,2115
1653,fighter,422
1654,fightin,724
1655,fighting,723
1656,figur,769
1657,figure,716
1658,file,714
1659,filed,266
1660,fill,631
1661,film,681
1662,fin,7314
1663,fina,2783
1664,final,1125
1665,finally,587
1666,finan,1651
1667,financial,1153
1668,find,2113
1669,finding,366
1670,fine,831
1671,fing,523
1672,fir,6948
1673,fire,1658
1674,fired,352
1675,firm,1405
1676,firmed,456
1677,first,3737
1678,fis,689
1679,fit,2297
1680,fits,749
1681,five,830
1682,fix,461
1683,fl,8466
1684,fla,1966
1685,flag,504
1686,flat,686
1687,flo,1241
1688,flow,504
1689,flu,1617
1690,flue,1145
1691,fly,647
1692,fo,79224
1693,foc,993
1694,focus,953
1695,foll,2594
1696,follow,2571
1697,followed,365
1698,following,1063
1699,foo,2464
1700,food,1624
1701,foot,553
1702,forc,4394
1703,force,4169
1704,forced,611
1705,forces,1311
1706,ford,805
1707,fore,7067
1708,foreign,1794
1709,form,8828
1710,forma,3554
1711,forman,226
1712,format,2935
1713,formation,2733
1714,forme,2578
1715,formed,647
1716,former,1911
1717,forms,494
1718,fort,2705
1719,forts,599
1720,forward,699
1721,found,3206
1722,four,1173
1723,fr,30908
1724,fra,2388
1725,frau,745
1726,fraud,727
1727,fre,4096
1728,free,2917
1729,freed,700
1730,freedom,655
1731,fri,3102
1732,frica,1245
1733,friend,1439
1734,friends,723
1735,fro,20864
1736,front,1381
1737,fru,394
1738,fs,795
1739,ft,13038
1740,fte,7927
1741,fter,6428
1742,fti,467
1743,fu,15556
1744,fue,542
1745,fug,909
1746,ful,6751
1747,full,2651
1748,fully,1384
1749,fun,2887
1750,fund,1847
1751,funding,348
1752,fur,1281
1753,furth,996
1754,fuse,905
1755,fused,474
1756,fut,1369
1757,future,1208
1758,fy,1565
1759,fyi,474
1760,ga,31195
1761,gag,831
1762,gage,677
1763,gai,7770
1764,gain,7744
1765,gains,5034
1766,gal,2827
1767,gall,498
1768,game,694
1769,gan,6072
1770,gar,3128
1771,gard,1338
1772,gas,815
1773,gat,6146
1774,gate,1188
1775,gather,378
1776,gato,365
1777,gator,347
1778,gave,607
1779,gay,288
1780,gaz,418
1781,gazi,373
1782,ge,64172
1783,ged,5223
1784,gee,760
1785,gees,465
1786,gel,1211
1787,gem,873
1788,gen,10175
1789,genc,2905
1790,gence,1234
1791,gender,340
1792,gene,2505
1793,genera,2015
1794,general,1119
1795,generation,541
1796,gent,1667
1797,gents,718
1798,geo,648
1799,ger,7232
1800,gers,846
1801,gest,2631
1802,gested,322
1803,get,9395
1804,geth,1070
1805,gets,1023
1806,gett,1033
1807,gettin,1021
1808,getting,1018
1809,gg,5924
1810,gh,36284
1811,gha,962
1812,ghani,394
1813,ghb,521
1814,ghe,1376
1815,gho,755
1816,ght,21415
1817,gi,21852
1818,gia,643
1819,gic,2051
1820,gin,7347
1821,gina,1228
1822,ging,3059
1823,gini,304
1824,ginia,269
1825,ginni,558
1826,ginning,558
1827,girl,650
1828,gis,1439
1829,gist,955
1830,git,976
1831,giv,3774
1832,give,3112
1833,given,1404
1834,givi,651
1835,givin,650
1836,giving,649
1837,gl,8880
1838,gle,2482
1839,gli,1067
1840,gling,250
1841,glo,2590
1842,glob,2225
1843,global,2044
1844,gly,1775
1845,gm,918
1846,gn,15338
1847,gna,1158
1848,gnat,444
1849,gni,2358
1850,go,28173
1851,goa,649
1852,goal,543
1853,goes,789
1854,goi,4157
1855,goin,4141
1856,going,4137
1857,gol,1540
1858,gold,1377
1859,gon,1707
1860,gone,515
1861,goo,2973
1862,good,2862
1863,gor,566
1864,got,2528
1865,gov,6900
1866,gove,6603
1867,govern,6585
1868,governmen,6171
1869,government,6168
1870,governo,154
1871,governor,147
1872,gr,26356
1873,gra,8262
1874,grad,731
1875,gram,1732
1876,grams,416
1877,gran,1994
1878,grand,495
1879,grant,1408
1880,grants,777
1881,graph,1012
1882,gre,9855
1883,great,2457
1884,greater,446
1885,greed,477
1886,green,343
1887,gress,3559
1888,gro,6433
1889,ground,1514
1890,group,2885
1891,groups,1172
1892,grow,1585
1893,growin,506
1894,growing,506
1895,growth,532
1896,gs,8002
1897,gt,3437
1898,gu,11439
1899,guard,347
1900,gui,1471
1901,guide,359
1902,gul,1384
1903,gula,1267
1904,gulati,439
1905,gum,446
1906,gun,1528
1907,gus,886
1908,gust,652
1909,guy,694
1910,ha,181089
1911,hab,878
1912,hack,763
1913,hae,1004
1914,hai,1685
1915,hair,1084
1916,hal,3353
1917,half,1085
1918,hall,1309
1919,halle,714
1920,ham,1712
1921,hamm,351
1922,hamp,239
1923,han,18768
1924,hand,2803
1925,hands,612
1926,hang,4611
1927,hanged,562
1928,hanging,392
1929,hani,714
1930,hank,1044
1931,hanks,584
1932,hap,4857
1933,happ,3290
1934,happen,2754
1935,happened,794
1936,happens,563
1937,happy,414
1938,har,9908
1939,hara,884
1940,hard,2048
1941,hare,2106
1942,hared,362
1943,hari,644
1944,harm,969
1945,hat,80088
1946,hate,1408
1947,hav,25001
1948,hb,701
1949,hbo,537
1950,hd,600
1951,head,2893
1952,heal,2326
1953,health,2068
1954,hear,2478
1955,heard,663
1956,hearing,285
1957,heart,927
1958,heat,679
1959,heav,827
1960,heck,1096
1961,hed,5778
1962,hee,1143
1963,heir,14746
1964,hel,6285
1965,held,831
1966,hell,1011
1967,helm,404
1968,help,3044
1969,helped,416
1970,hem,10228
1971,heme,449
1972,hems,1189
1973,hen,15714
1974,hersel,375
1975,hes,9550
1976,hese,6366
1977,het,2347
1978,hether,1415
1979,hey,21750
1980,hi,117571
1981,hib,478
1982,hic,12140
1983,hid,644
1984,high,3348
1985,higher,656
1986,highly,451
1987,hil,9548
1988,hile,4838
1989,hill,491
1990,hin,27295
1991,hina,1784
1992,hind,1355
1993,hine,1730
1994,hines,1072
1995,hing,15641
1996,hip,3406
1997,hips,560
1998,hire,417
1999,hist,2796
2000,historic,537
2001,history,1579
2002,hit,5241
2003,hite,4107
2004,hm,2347
2005,hn,4281
2006,ho,76130
2007,hoc,770
2008,hock,708
2009,hod,681
2010,hoe,418
2011,hoi,998
2012,hold,1920
2013,holding,493
2014,hole,1480
2015,hom,3350
2016,homa,360
2017,home,2017
2018,homes,315
2019,hon,2567
2020,hone,1466
2021,honor,320
2022,hoo,4063
2023,hood,819
2024,hoose,521
2025,hoot,756
2026,hooting,413
2027,hop,2139
2028,hope,1294
2029,hor,5536
2030,hort,1269
2031,hos,7762
2032,hose,6130
2033,hosp,474
2034,hospita,430
2035,hospital,426
2036,host,899
2037,hot,2581
2038,hough,3879
2039,hould,4331
2040,hour,1004
2041,hours,638
2042,house,1103
2043,hout,3069
2044,howe,1440
2045,however,904
2046,hr,13633
2047,hra,555
2048,hs,3009
2049,ht,24156
2050,hte,2068
2051,htin,937
2052,http,1491
2053,https,643
2054,hu,9761
2055,hug,778
2056,huge,570
2057,hum,3054
2058,huma,2653
2059,human,2637
2060,humani,717
2061,hun,1155
2062,hund,692
2063,hundred,640
2064,hundreds,450
2065,hus,1426
2066,husband,474
2067,hut,540
2068,hw,700
2069,hwa,366
2070,hy,7782
2071,ia,65407
2072,iab,797
2073,iam,991
2074,ian,16368
2075,ib,15327
2076,iba,337
2077,ibi,2017
2078,ic,125119
2079,ically,3095
2080,ican,12839
2081,icat,3713
2082,ice,15650
2083,iced,401
2084,ices,2138
2085,ich,14892
2086,ichael,914
2087,ici,10633
2088,icia,4535
2089,ick,5320
2090,icke,1100
2091,ico,1305
2092,ics,3511
2093,icu,2510
2094,icy,2342
2095,id,65567
2096,ida,5433
2097,ide,32569
2098,idea,1579
2099,ideas,371
2100,identified,308
2101,ideo,2649
2102,ides,1475
2103,idg,569
2104,idi,1978
2105,iding,851
2106,ido,638
2107,ids,1023
2108,ie,60809
2109,ied,5917
2110,ies,20008
2111,ife,4620
2112,iff,3642
2113,ifo,1053
2114,ig,53278
2115,ige,2316
2116,igi,2692
2117,ign,12973
2118,ij,739
2119,ik,15790
2120,ika,601
2121,ike,11838
2122,ikes,685
2123,iki,1952
2124,il,104607
2125,ila,2715
2126,ile,11600
2127,iles,1123
2128,ilia,1831
2129,ilian,1036
2130,ilie,532
2131,ill,46944
2132,illary,10371
2133,illed,1300
2134,illegal,1009
2135,ills,816
2136,ils,4098
2137,ily,4535
2138,im,50855
2139,ima,5556
2140,image,690
2141,imm,2761
2142,immediate,722
2143,immediately,541
2144,immig,1023
2145,immigrant,552
2146,immigrants,423
2147,immigration,457
2148,imo,751
2149,impact,519
2150,imply,1192
2151,import,2125
2152,important,1684
2153,improv,478
2154,improve,379
2155,ims,3077
2156,ina,14067
2157,inc,13565
2158,ince,4150
2159,incident,506
2160,incl,3580
2161,include,1373
2162,included,406
2163,includes,350
2164,including,2015
2165,income,419
2166,increase,1184
2167,increased,427
2168,increasing,625
2169,increasingly,338
2170,ind,13881
2171,inde,1934
2172,independent,562
2173,indica,689
2174,indicate,409
2175,individual,1056
2176,individuals,471
2177,indo,298
2178,industry,769
2179,ine,24367
2180,ines,5255
2181,inf,6844
2182,influence,875
2183,info,3605
2184,inform,2868
2185,informa,2363
2186,information,2233
2187,ing,158675
2188,inge,1058
2189,inger,679
2190,ingi,433
2191,ings,5536
2192,ini,10681
2193,init,1408
2194,initial,298
2195,ink,6917
2196,inking,896
2197,inks,573
2198,inn,2689
2199,inne,1000
2200,inner,721
2201,inning,1043
2202,ins,16759
2203,inside,903
2204,insist,366
2205,instead,861
2206,institut,570
2207,institution,500
2208,insurance,294
2209,int,42018
2210,inte,12140
2211,intel,1251
2212,intell,1208
2213,intelli,910
2214,intelligence,771
2215,intend,441
2216,intent,641
2217,inter,7878
2218,interes,2466
2219,interest,2436
2220,interests,750
2221,intern,1926
2222,international,1133
2223,interne,372
2224,internet,358
2225,interview,1117
2226,inton,15374
2227,intro,407
2228,invest,4243
2229,investiga,3274
2230,investigation,2235
2231,investment,458
2232,investor,261
2233,involve,1177
2234,involved,743
2235,io,122961
2236,ion,104964
2237,iona,10977
2238,ione,1497
2239,ions,20692
2240,iot,1210
2241,iou,7190
2242,ious,6840
2243,ip,12467
2244,ipa,1230
2245,ips,930
2246,iq,1077
2247,ir,51264
2248,ira,1871
2249,irc,1570
2250,ird,1299
2251,ire,12115
2252,ired,2025
2253,iri,1631
2254,irin,544
2255,irl,1084
2256,irls,322
2257,irm,2058
2258,irma,668
2259,iron,1097
2260,irp,241
2261,irr,723
2262,irs,5610
2263,isa,2534
2264,isco,1792
2265,ise,8742
2266,iser,752
2267,ish,10312
2268,isi,6978
2269,isis,930
2270,isl,936
2271,isla,603
2272,ism,6182
2273,iso,2931
2274,ison,1570
2275,isp,1615
2276,isr,455
2277,iss,7075
2278,isse,637
2279,issu,2481
2280,issue,2383
2281,issued,307
2282,issues,1037
2283,ist,31936
2284,ister,1635
2285,isto,3050
2286,istory,1793
2287,itai,505
2288,itc,978
2289,itch,918
2290,ite,19246
2291,ites,1905
2292,ith,36455
2293,ithe,1564
2294,iti,26177
2295,itin,1767
2296,itn,630
2297,ito,2532
2298,itt,7184
2299,ittle,1622
2300,ity,18360
2301,iu,2069
2302,iv,43464
2303,ive,30271
2304,ively,1538
2305,iver,3539
2306,ivers,2210
2307,ives,3732
2308,ivo,522
2309,ix,2275
2310,iz,12419
2311,iza,3021
2312,ize,7336
2313,ja,1497
2314,je,4720
2315,ji,799
2316,jo,7752
2317,job,1757
2318,jobs,768
2319,joi,1050
2320,join,1017
2321,joined,246
2322,jour,1340
2323,journal,1141
2324,journalist,848
2325,journalists,409
2326,joy,566
2327,ju,11234
2328,jud,996
2329,judge,527
2330,jury,448
2331,jus,7940
2332,justic,828
2333,justice,827
2334,ka,3327
2335,ke,48163
2336,ked,6940
2337,kee,2164
2338,keep,1995
2339,ken,2981
2340,kept,542
2341,ker,4133
2342,kes,3493
2343,key,1620
2344,kh,490
2345,ki,22387
2346,kid,747
2347,kids,413
2348,kil,3175
2349,kill,2244
2350,killed,889
2351,killin,494
2352,killing,493
2353,kin,15105
2354,kind,1340
2355,king,12812
2356,kl,2084
2357,kla,304
2358,kly,915
2359,kn,8930
2360,knew,554
2361,know,7495
2362,knowled,799
2363,knowledge,742
2364,known,1643
2365,knows,585
2366,ko,2285
2367,kot,765
2368,kr,1996
2369,kt,649
2370,ku,569
2371,ky,1289
2372,la,92524
2373,lab,1981
2374,labor,612
2375,lac,8071
2376,lace,3824
2377,laced,588
2378,laces,458
2379,lack,3670
2380,lad,1244
2381,lag,1264
2382,lage,444
2383,lah,444
2384,lai,5493
2385,lain,2255
2386,laine,579
2387,lam,3175
2388,lame,974
2389,lan,12146
2390,lance,932
2391,land,3978
2392,lands,627
2393,lane,1435
2394,lang,601
2395,language,508
2396,lann,733
2397,lant,1248
2398,lap,1355
2399,laps,766
2400,lapse,702
2401,lar,21178
2402,large,2282
2403,largely,373
2404,larges,456
2405,largest,444
2406,lars,903
2407,lary,10571
2408,las,7241
2409,lash,522
2410,lass,2535
2411,lassi,848
2412,last,3236
2413,lat,14071
2414,late,6029
2415,lated,2038
2416,later,1241
2417,lates,995
2418,latest,718
2419,latin,575
2420,lating,538
2421,lau,1782
2422,laugh,527
2423,launc,741
2424,launch,741
2425,law,4126
2426,laws,1005
2427,lawsuit,244
2428,lawyer,407
2429,lawyers,197
2430,lay,3145
2431,layed,477
2432,layer,387
2433,layers,235
2434,laying,424
2435,lays,346
2436,lb,844
2437,ld,52926
2438,ldn,1077
2439,lds,930
2440,le,148570
2441,lea,18629
2442,lead,4100
2443,leader,2059
2444,leaders,1358
2445,leadership,478
2446,leading,738
2447,league,281
2448,leak,1389
2449,leaks,891
2450,lean,840
2451,lear,5602
2452,learn,1210
2453,learned,505
2454,lease,2529
2455,leased,952
2456,least,1729
2457,leave,986
2458,leaving,382
2459,leb,855
2460,led,12519
2461,ledge,1058
2462,lee,1135
2463,lef,2270
2464,left,2164
2465,leg,6165
2466,lega,2891
2467,legal,2201
2468,legislation,181
2469,lei,368
2470,lem,4229
2471,lems,890
2472,len,6072
2473,leng,895
2474,lent,1888
2475,lep,1149
2476,les,13895
2477,less,5290
2478,lest,1142
2479,let,5506
2480,lete,1774
2481,lets,432
2482,lett,1240
2483,lette,1045
2484,letter,1020
2485,lev,2848
2486,leve,1800
2487,level,1516
2488,levels,521
2489,levi,444
2490,levis,386
2491,lex,1099
2492,ley,975
2493,lg,930
2494,li,144696
2495,lia,5335
2496,liam,739
2497,liar,550
2498,liat,561
2499,lib,2510
2500,liber,2054
2501,liberal,1197
2502,lic,18322
2503,lice,2953
2504,lick,768
2505,lid,1256
2506,lie,9775
2507,lied,786
2508,lief,681
2509,lien,730
2510,lier,968
2511,lies,2462
2512,liev,3296
2513,life,3040
2514,liga,814
2515,light,2129
2516,like,9686
2517,likely,1764
2518,lim,3803
2519,lima,587
2520,limit,786
2521,lin,33283
2522,lina,428
2523,line,5098
2524,lined,399
2525,lines,1099
2526,ling,9221
2527,lings,462
2528,link,1066
2529,lint,15462
2530,linton,15301
2531,lion,5306
2532,lions,1449
2533,lip,1078
2534,lipp,389
2535,lis,11925
2536,list,4995
2537,liste,682
2538,listen,483
2539,lists,1121
2540,lit,21460
2541,lite,1899
2542,liter,571
2543,little,1454
2544,liv,4644
2545,live,3553
2546,liver,719
2547,lives,969
2548,livin,900
2549,living,899
2550,liz,3250
2551,liza,1054
2552,lk,4115
2553,llega,1432
2554,lls,3803
2555,lm,4109
2556,lme,533
2557,lmost,1176
2558,ln,864
2559,lo,57090
2560,loa,971
2561,lob,3116
2562,lobb,361
2563,loc,3661
2564,local,1083
2565,lock,1554
2566,locke,289
2567,log,4655
2568,logic,1195
2569,logical,1046
2570,loma,400
2571,lon,7275
2572,lone,787
2573,long,5301
2574,longer,859
2575,loo,5522
2576,look,3531
2577,looked,327
2578,lookin,798
2579,looking,797
2580,looks,463
2581,lop,1776
2582,lora,498
2583,lore,328
2584,lori,861
2585,los,6774
2586,lose,3078
2587,losing,445
2588,loss,610
2589,lost,859
2590,lot,3277
2591,lots,584
2592,lou,1260
2593,loud,399
2594,love,1412
2595,low,10158
2596,lowe,2733
2597,lower,1244
2598,lowers,470
2599,lowing,1691
2600,lows,651
2601,lp,3758
2602,lr,2349
2603,lse,2227
2604,lt,19275
2605,lthough,868
2606,lu,17645
2607,luc,576
2608,lue,2735
2609,lun,841
2610,lure,513
2611,lute,758
2612,lva,364
2613,ly,75923
2614,lyi,826
2615,lyin,823
2616,lying,817
2617,lyn,360
2618,mac,2450
2619,maca,489
2620,mach,913
2621,machi,768
2622,machine,720
2623,mad,3615
2624,made,3112
2625,mag,3648
2626,magi,1054
2627,mai,10446
2628,mail,6345
2629,mails,2884
2630,main,3955
2631,mains,1555
2632,mainstrea,963
2633,mainstream,963
2634,maintain,612
2635,maj,2143
2636,major,2121
2637,majority,778
2638,mak,6346
2639,make,4974
2640,maker,399
2641,makers,274
2642,makes,965
2643,maki,1311
2644,makin,1311
2645,making,1305
2646,mal,4322
2647,male,762
2648,mali,518
2649,mall,1545
2650,man,22085
2651,mana,1113
2652,manage,931
2653,manager,264
2654,mance,196
2655,manda,492
2656,mane,419
2657,mani,1685
2658,mann,426
2659,mans,620
2660,mant,416
2661,manu,501
2662,many,5506
2663,mar,6276
2664,mari,924
2665,mark,2706
2666,marke,1764
2667,market,1495
2668,markets,416
2669,marks,322
2670,marr,484
2671,mart,544
2672,mary,514
2673,mas,3611
2674,mass,1901
2675,massi,850
2676,massiv,811
2677,massive,810
2678,mat,10460
2679,mate,3286
2680,mated,318
2681,mater,677
2682,materia,652
2683,material,649
2684,mates,215
2685,mati,4434
2686,matic,1121
2687,matt,1677
2688,matte,1606
2689,matter,1605
2690,may,4291
2691,maybe,434
2692,mayo,108
2693,mayor,103
2694,maz,485
2695,mb,15905
2696,mba,1640
2697,mbas,496
2698,mbe,9223
2699,mbl,902
2700,mea,4622
2701,mean,3337
2702,meaning,462
2703,means,1359
2704,meant,440
2705,measure,590
2706,med,12127
2707,medi,6761
2708,media,5116
2709,mediate,787
2710,medic,1127
2711,medical,634
2712,mee,1211
2713,meet,1181
2714,meeting,802
2715,mel,1687
2716,mem,3556
2717,member,2674
2718,members,1255
2719,memo,676
2720,men,40540
2721,mend,1144
2722,ment,33906
2723,mental,1441
2724,mente,946
2725,mention,850
2726,ments,5515
2727,meo,1179
2728,mer,19740
2729,mera,369
2730,merge,829
2731,merica,12045
2732,merican,7882
2733,mericans,2597
2734,mero,487
2735,mers,785
2736,mes,10120
2737,mess,1181
2738,messa,913
2739,message,867
2740,mest,502
2741,met,4862
2742,meth,2460
2743,mf,526
2744,mi,57825
2745,mic,4740
2746,mica,771
2747,mid,1558
2748,middle,513
2749,mie,1018
2750,mig,3809
2751,might,2014
2752,migrant,983
2753,migrants,689
2754,migration,660
2755,mil,11491
2756,mila,936
2757,mile,556
2758,miles,340
2759,mili,4681
2760,milia,425
2761,milita,3479
2762,militar,3176
2763,military,2829
2764,mill,3207
2765,milli,2969
2766,million,2941
2767,millions,978
2768,min,19456
2769,mina,4067
2770,minati,1081
2771,mind,1812
2772,mine,2565
2773,mined,416
2774,ming,4924
2775,mini,3452
2776,minis,2619
2777,minister,348
2778,ministra,1716
2779,ministration,1576
2780,minor,573
2781,minori,385
2782,minute,635
2783,minutes,397
2784,mir,1203
2785,mis,7145
2786,mise,1360
2787,miss,2854
2788,missile,666
2789,mission,1412
2790,mist,1305
2791,mista,532
2792,mistake,496
2793,mit,5564
2794,mitt,2122
2795,ml,920
2796,mm,16556
2797,mma,1444
2798,mme,6010
2799,mmigration,556
2800,mmo,1851
2801,mn,1529
2802,mni,340
2803,mo,53755
2804,mob,416
2805,moc,4988
2806,mocrat,3986
2807,mod,2161
2808,mode,1719
2809,model,432
2810,modern,717
2811,mom,1098
2812,moment,930
2813,mon,11191
2814,mone,3020
2815,money,2583
2816,mong,1598
2817,mons,943
2818,mont,2245
2819,month,2088
2820,months,1072
2821,moo,427
2822,mor,13640
2823,mora,804
2824,moral,668
2825,morn,532
2826,mornin,529
2827,morning,527
2828,mos,7369
2829,mostly,367
2830,mot,2500
2831,moth,645
2832,mother,576
2833,motion,585
2834,motiv,353
2835,mou,2999
2836,mount,1266
2837,mous,1216
2838,move,3274
2839,moved,643
2840,movement,1046
2841,movie,392
2842,movin,538
2843,moving,536
2844,mp,49849
2845,mpa,8730
2846,mpac,603
2847,mph,549
2848,mpla,690
2849,mpr,1572
2850,mps,838
2851,ms,12329
2852,mself,892
2853,mu,13076
2854,much,3489
2855,mul,1613
2856,multi,908
2857,multiple,427
2858,mun,3153
2859,murder,752
2860,mus,2716
2861,music,246
2862,must,1918
2863,mys,594
2864,na,62768
2865,nab,1630
2866,nabl,1123
2867,nad,1126
2868,nada,511
2869,nag,1518
2870,nai,724
2871,nal,23542
2872,naly,1162
2873,nam,2868
2874,name,2123
2875,named,489
2876,names,384
2877,nan,3532
2878,nance,731
2879,nap,399
2880,nar,2840
2881,narr,564
2882,nary,961
2883,nas,581
2884,nat,15925
2885,nate,3419
2886,nation,8492
2887,national,3718
2888,nations,1148
2889,nativ,846
2890,native,819
2891,nato,639
2892,natur,1532
2893,natural,816
2894,nature,712
2895,nb,1095
2896,nc,58261
2897,nca,501
2898,nce,32437
2899,nci,6259
2900,ncil,770
2901,ncis,219
2902,nco,2780
2903,ncome,437
2904,ncr,2446
2905,nd,208932
2906,nda,7986
2907,nde,19115
2908,ndi,13291
2909,ndl,1574
2910,ndr,1860
2911,nds,7415
2912,ne,115398
2913,nea,2280
2914,near,1761
2915,nearly,694
2916,nec,2469
2917,nece,927
2918,necessary,602
2919,ned,12668
2920,nee,5699
2921,need,4263
2922,needed,574
2923,needs,981
2924,nef,1303
2925,nei,853
2926,neighbor,441
2927,neighborhood,209
2928,nel,1699
2929,nell,226
2930,nem,1216
2931,nent,1507
2932,neo,1078
2933,nera,3401
2934,nes,13283
2935,ness,5263
2936,nest,854
2937,net,4224
2938,network,566
2939,neu,676
2940,nev,3183
2941,neve,2853
2942,never,2804
2943,new,8477
2944,news,2835
2945,newspaper,377
2946,nex,2277
2947,next,1872
2948,nf,14372
2949,nfa,585
2950,nfl,2833
2951,ng,188765
2952,nga,1034
2953,ngo,644
2954,ngr,2991
2955,ngs,6231
2956,nh,1405
2957,nha,628
2958,ni,57418
2959,nia,4299
2960,nial,592
2961,nian,1627
2962,nic,4642
2963,nie,2949
2964,nies,1076
2965,nif,1636
2966,nigh,1369
2967,night,1359
2968,nin,11970
2969,ning,11176
2970,nior,667
2971,nip,802
2972,nis,8095
2973,nist,5214
2974,nit,10151
2975,nite,4038
2976,niv,1776
2977,nj,1600
2978,nk,13924
2979,nl,10631
2980,nm,8397
2981,nme,8007
2982,nn,15752
2983,nnu,344
2984,noi,465
2985,nom,5472
2986,nomi,3503
2987,nominee,696
2988,non,3143
2989,none,447
2990,nore,878
2991,nori,561
2992,norm,938
2993,norma,620
2994,normal,594
2995,north,534
2996,nos,894
2997,note,1422
2998,noted,533
2999,nothe,2983
3000,nother,2977
3001,nothin,1556
3002,nothing,1556
3003,notice,431
3004,nou,3651
3005,noun,1411
3006,nounced,724
3007,nov,456
3008,np,1098
3009,npr,516
3010,nr,1328
3011,ns,88873
3012,nsa,1213
3013,nsc,1110
3014,nsf,777
3015,nside,2897
3016,nso,1712
3017,nsw,992
3018,nt,191259
3019,nted,4072
3020,nth,3599
3021,ntis,727
3022,nts,15968
3023,ntu,1975
3024,nu,12582
3025,nuclear,1683
3026,nui,482
3027,num,2694
3028,numb,2111
3029,number,2086
3030,numbers,575
3031,nus,522
3032,nut,1365
3033,nv,11588
3034,nvic,322
3035,nw,1258
3036,nwa,473
3037,ny,20160
3038,nyo,1314
3039,nyone,1294
3040,nyt,1386
3041,nz,751
3042,oach,756
3043,oar,1061
3044,oas,555
3045,oat,853
3046,ob,19465
3047,oba,3879
3048,obe,4849
3049,ober,3629
3050,obi,887
3051,object,800
3052,obs,2039
3053,obvious,694
3054,oc,28577
3055,oca,2974
3056,ocal,1353
3057,occ,1881
3058,occur,703
3059,oce,2530
3060,och,711
3061,oci,5102
3062,oco,762
3063,ocracy,911
3064,ocrat,4112
3065,oct,950
3066,octors,394
3067,od,26272
3068,odd,487
3069,ode,4471
3070,oder,1312
3071,odes,1645
3072,ody,2338
3073,offen,630
3074,offer,1193
3075,offered,311
3076,office,2432
3077,officer,1085
3078,officers,609
3079,official,2530
3080,officials,1361
3081,oft,1544
3082,often,1125
3083,og,13156
3084,oga,697
3085,ogan,435
3086,oge,1679
3087,ogis,409
3088,ogle,450
3089,ogn,910
3090,ogni,873
3091,ogre,972
3092,ogres,969
3093,oh,3770
3094,ohn,2345
3095,oi,17831
3096,oic,1498
3097,oil,1708
3098,ois,933
3099,ok,12696
3100,oked,743
3101,ol,66198
3102,ola,2515
3103,old,10997
3104,olde,750
3105,older,405
3106,oldie,533
3107,olds,483
3108,ole,5851
3109,oles,581
3110,olice,2586
3111,olin,618
3112,olina,315
3113,olle,2618
3114,olli,737
3115,olly,507
3116,ollywood,373
3117,olor,731
3118,om,94296
3119,oma,3564
3120,oman,1688
3121,omas,301
3122,omb,2809
3123,ome,27592
3124,omen,3498
3125,omeone,1113
3126,omer,444
3127,omm,10913
3128,oms,698
3129,ona,18731
3130,onc,5131
3131,onde,1726
3132,onder,855
3133,one,27754
3134,ones,2543
3135,ong,12900
3136,ongs,433
3137,onlin,493
3138,online,491
3139,ono,5317
3140,ons,38020
3141,onside,1817
3142,ont,17152
3143,ontent,953
3144,onto,369
3145,oo,34535
3146,oof,532
3147,ook,9247
3148,oom,1378
3149,oops,587
3150,oot,2337
3151,op,44994
3152,opa,1240
3153,oped,483
3154,open,2362
3155,opened,415
3156,opening,424
3157,opera,2250
3158,operate,414
3159,operation,1191
3160,operations,457
3161,opi,2219
3162,opini,739
3163,opinion,729
3164,opm,678
3165,opp,3941
3166,oppo,2422
3167,opponent,322
3168,opportunity,444
3169,oppose,598
3170,opposition,507
3171,opr,524
3172,ops,1584
3173,opt,1116
3174,option,480
3175,ora,5992
3176,oral,1512
3177,oration,831
3178,orb,498
3179,orc,5689
3180,ord,12568
3181,orde,3806
3182,order,3471
3183,orders,826
3184,ore,24720
3185,orea,557
3186,org,4904
3187,organ,2270
3188,organization,1004
3189,organizations,463
3190,organize,453
3191,orig,1025
3192,origin,1011
3193,original,714
3194,orin,770
3195,ork,9097
3196,orkin,1586
3197,oro,1927
3198,orr,4591
3199,ort,25700
3200,orta,2718
3201,orwa,864
3202,os,54577
3203,osh,462
3204,osi,4776
3205,osp,1389
3206,oss,6372
3207,ost,16080
3208,osu,1294
3209,ot,79209
3210,ota,3063
3211,ote,16728
3212,oth,18213
3213,othe,13391
3214,others,1713
3215,othing,1830
3216,otin,2606
3217,oto,1810
3218,ots,1765
3219,ott,1916
3220,ou,169148
3221,ouch,463
3222,oud,771
3223,ought,2908
3224,ould,21217
3225,oun,25589
3226,ounce,1421
3227,ound,11432
3228,ous,17174
3229,ously,2129
3230,outs,1230
3231,outside,790
3232,ova,975
3233,oval,456
3234,ove,31524
3235,overage,285
3236,overs,1080
3237,overt,874
3238,ovid,1839
3239,ow,62222
3240,oward,1460
3241,owe,11244
3242,owed,1780
3243,owing,3210
3244,owl,1225
3245,owned,421
3246,owner,496
3247,owns,446
3248,ows,2694
3249,ox,2632
3250,oy,5563
3251,oye,1594
3252,oz,913
3253,pa,45134
3254,pac,2282
3255,pace,905
3256,pack,336
3257,pact,639
3258,pagan,862
3259,page,771
3260,pai,6844
3261,paid,729
3262,paign,4695
3263,pain,968
3264,paint,348
3265,pair,370
3266,pal,636
3267,pan,4462
3268,pane,303
3269,pap,1148
3270,pape,1119
3271,paper,1102
3272,par,16931
3273,para,2237
3274,pare,2795
3275,pared,694
3276,parent,1393
3277,parents,504
3278,pari,473
3279,park,359
3280,part,10221
3281,parti,2891
3282,partici,612
3283,participa,610
3284,particular,1014
3285,particularly,498
3286,partie,507
3287,parties,494
3288,partner,558
3289,partners,365
3290,parts,418
3291,party,1472
3292,pas,3580
3293,pass,1816
3294,passe,616
3295,passed,431
3296,past,1587
3297,pat,3555
3298,pate,480
3299,path,974
3300,patient,354
3301,patients,196
3302,pay,2375
3303,pe,74108
3304,pea,7841
3305,peace,1155
3306,peak,1750
3307,peake,259
3308,peaking,597
3309,pear,2403
3310,pears,740
3311,peat,699
3312,pee,1451
3313,pell,385
3314,pen,10345
3315,pend,2747
3316,pending,715
3317,pene,1358
3318,pens,1492
3319,pent,672
3320,peo,11243
3321,peopl,11200
3322,people,11199
3323,per,22290
3324,pera,3204
3325,percent,1963
3326,perf,1056
3327,perfect,484
3328,perform,469
3329,performance,169
3330,perhaps,595
3331,period,545
3332,perm,1022
3333,pers,4435
3334,perso,3054
3335,person,3053
3336,persona,1299
3337,personal,1212
3338,pert,1547
3339,pes,1098
3340,pet,1784
3341,petit,562
3342,petition,319
3343,ph,9236
3344,pha,1252
3345,phi,1354
3346,phil,495
3347,pho,2469
3348,phon,969
3349,phone,804
3350,photo,771
3351,photograph,196
3352,phys,826
3353,physical,582
3354,pi,19456
3355,pic,2852
3356,pica,358
3357,pick,489
3358,picture,470
3359,pid,982
3360,pie,1524
3361,piece,646
3362,pil,906
3363,pin,4506
3364,pine,356
3365,ping,2840
3366,pio,505
3367,pip,760
3368,pipe,739
3369,pir,2762
3370,piri,845
3371,pis,531
3372,piso,144
3373,pit,3135
3374,pita,1555
3375,pl,44263
3376,pla,13192
3377,place,3375
3378,placed,557
3379,places,432
3380,plain,2069
3381,plan,4353
3382,plane,1245
3383,planet,748
3384,plans,571
3385,plant,657
3386,plat,539
3387,play,2121
3388,played,393
3389,player,277
3390,players,184
3391,playin,327
3392,playing,326
3393,ple,20849
3394,plea,775
3395,pleas,625
3396,pled,404
3397,plied,395
3398,plo,3575
3399,ploy,1646
3400,ply,2857
3401,pm,1356
3402,po,70395
3403,poc,516
3404,poi,4310
3405,point,3889
3406,pointe,618
3407,pointed,550
3408,points,746
3409,pok,919
3410,poke,880
3411,pokes,404
3412,pol,13413
3413,poli,10720
3414,polic,4827
3415,police,1987
3416,policies,788
3417,policy,1997
3418,politi,5578
3419,politic,5518
3420,politica,3803
3421,political,3797
3422,politician,771
3423,politicians,531
3424,politics,838
3425,poll,1762
3426,polls,705
3427,polo,322
3428,pon,6601
3429,pond,1027
3430,pone,678
3431,ponen,586
3432,pons,3362
3433,poo,876
3434,poor,546
3435,pop,2503
3436,popular,787
3437,population,1031
3438,por,18626
3439,porat,1541
3440,port,16054
3441,porta,2216
3442,porte,4698
3443,porter,2145
3444,porters,1468
3445,porti,1334
3446,porting,947
3447,ports,1819
3448,pos,13189
3449,pose,3723
3450,posed,2063
3451,posit,2852
3452,position,1945
3453,positions,419
3454,positiv,441
3455,possible,1608
3456,post,2657
3457,poste,657
3458,posted,527
3459,pot,2024
3460,potent,1104
3461,potential,1005
3462,pow,4632
3463,powe,4527
3464,power,4524
3465,powerful,781
3466,pp,25840
3467,ppi,1299
3468,ppl,2143
3469,pple,603
3470,pr,65630
3471,pra,2056
3472,practice,616
3473,pray,587
3474,pre,22891
3475,prec,1256
3476,predict,657
3477,prefer,444
3478,prem,1072
3479,prep,1029
3480,prepare,588
3481,pres,12609
3482,present,2582
3483,presenta,682
3484,presente,457
3485,presented,427
3486,presi,5225
3487,presid,5201
3488,preside,5191
3489,presiden,5152
3490,presidency,639
3491,president,4487
3492,presidential,1940
3493,press,3768
3494,presse,696
3495,pressed,641
3496,pression,706
3497,pressure,591
3498,pretty,481
3499,prev,1966
3500,prevent,802
3501,previo,946
3502,previous,945
3503,previously,428
3504,pri,9333
3505,price,945
3506,prim,1064
3507,prima,778
3508,primar,698
3509,primary,418
3510,print,550
3511,prior,544
3512,pris,2093
3513,prise,870
3514,prison,751
3515,priv,1935
3516,privat,1523
3517,private,1422
3518,pro,30988
3519,prob,3477
3520,proba,1100
3521,probably,905
3522,problem,2061
3523,problems,845
3524,proc,2018
3525,process,1289
3526,prod,2350
3527,produce,873
3528,product,1291
3529,production,374
3530,prof,1907
3531,profess,730
3532,profession,451
3533,professional,402
3534,professor,244
3535,profi,921
3536,profit,733
3537,prog,2062
3538,program,1301
3539,programs,327
3540,progress,726
3541,proje,809
3542,project,799
3543,prom,2336
3544,promis,1180
3545,promise,1027
3546,promised,370
3547,promo,661
3548,promot,649
3549,promote,419
3550,prop,3482
3551,proper,863
3552,propo,922
3553,propos,680
3554,proposa,194
3555,proposal,193
3556,propose,407
3557,pros,1107
3558,prose,579
3559,prosecutor,235
3560,prot,4160
3561,protect,1908
3562,protest,1817
3563,protester,528
3564,protesters,473
3565,protests,445
3566,prov,4479
3567,prove,1707
3568,proved,477
3569,provide,1541
3570,provided,505
3571,ps,9719
3572,psy,636
3573,psych,578
3574,pt,13462
3575,pta,506
3576,pte,1970
3577,pti,4396
3578,pto,833
3579,pts,545
3580,pu,21124
3581,pub,8389
3582,public,6833
3583,publica,3036
3584,publican,2788
3585,publicans,981
3586,publicly,344
3587,publish,1456
3588,published,1025
3589,pul,3829
3590,pull,564
3591,pun,774
3592,purp,654
3593,purpose,548
3594,pus,1179
3595,push,912
3596,put,4038
3597,puter,535
3598,py,1660
3599,qi,571
3600,qu,16934
3601,qua,3226
3602,qual,1344
3603,quality,547
3604,quart,494
3605,quarter,482
3606,que,7362
3607,ques,3179
3608,quest,2916
3609,question,2214
3610,questions,678
3611,qui,5166
3612,quick,740
3613,quickly,540
3614,quire,1242
3615,quired,452
3616,quit,1315
3617,quite,776
3618,quo,981
3619,quot,800
3620,quote,599
3621,ra,113079
3622,rabia,687
3623,race,1715
3624,racial,373
3625,racist,649
3626,rack,1778
3627,racy,1644
3628,rad,5399
3629,radi,2385
3630,radical,395
3631,radio,441
3632,radu,390
3633,rae,2310
3634,raf,1225
3635,raff,372
3636,raffi,367
3637,raft,759
3638,rag,3678
3639,rage,2603
3640,raged,491
3641,rah,430
3642,rai,7529
3643,raid,402
3644,rail,552
3645,rain,4215
3646,raine,1249
3647,raining,464
3648,raise,1141
3649,raised,402
3650,rally,1427
3651,ram,3457
3652,rama,363
3653,rams,446
3654,ran,15473
3655,rance,1569
3656,ranch,431
3657,rand,1371
3658,rang,1433
3659,range,1235
3660,rani,611
3661,rank,867
3662,rant,2687
3663,rants,923
3664,rap,2907
3665,rape,508
3666,rare,283
3667,ras,2978
3668,rash,526
3669,rat,25117
3670,rate,8261
3671,rated,1527
3672,rates,957
3673,rath,1057
3674,rather,964
3675,rating,944
3676,ratio,7690
3677,ration,7620
3678,rations,1594
3679,rato,729
3680,rats,1568
3681,ratu,412
3682,rau,1211
3683,rav,1411
3684,rave,1083
3685,ravel,627
3686,raw,902
3687,ray,1450
3688,raye,400
3689,raz,885
3690,razi,426
3691,rb,3531
3692,rba,909
3693,rbi,773
3694,rbo,404
3695,rby,206
3696,rc,22057
3697,rd,29586
3698,rda,1130
3699,rdi,5506
3700,rea,35945
3701,reach,1357
3702,reached,442
3703,react,601
3704,read,5593
3705,reade,426
3706,reader,409
3707,reading,498
3708,ready,2572
3709,real,6280
3710,reality,970
3711,realize,592
3712,really,2085
3713,ream,2132
3714,reason,2206
3715,reasons,484
3716,reb,1156
3717,rebel,590
3718,rec,14200
3719,recall,218
3720,receive,1181
3721,received,681
3722,recent,2085
3723,recently,847
3724,recognize,446
3725,recommend,433
3726,record,1296
3727,records,327
3728,recto,1484
3729,rector,1479
3730,red,19174
3731,rede,359
3732,reds,555
3733,reduce,497
3734,ree,12686
3735,reed,1718
3736,reem,918
3737,rees,380
3738,ref,5315
3739,refer,1535
3740,reflect,365
3741,reform,351
3742,refuge,695
3743,refugee,596
3744,refugees,415
3745,refuse,645
3746,reg,5727
3747,regard,1065
3748,regime,957
3749,region,928
3750,regis,387
3751,regula,1109
3752,regular,451
3753,regulation,354
3754,rei,3749
3755,reig,2700
3756,reign,2668
3757,rein,491
3758,reit,314
3759,reitbart,177
3760,reject,462
3761,relate,783
3762,related,694
3763,relation,1241
3764,relations,1123
3765,relationship,614
3766,relative,369
3767,release,1449
3768,released,854
3769,religious,444
3770,rely,1499
3771,rem,7372
3772,remain,1412
3773,remains,550
3774,remark,387
3775,remember,558
3776,remi,1055
3777,remis,332
3778,remo,1222
3779,remove,612
3780,ren,14583
3781,rend,1027
3782,rene,627
3783,rent,5380
3784,rents,609
3785,reo,813
3786,rep,11622
3787,repeat,673
3788,repeated,480
3789,replace,453
3790,repo,5549
3791,report,5443
3792,reporte,2442
3793,reported,1833
3794,reporter,607
3795,reporters,305
3796,reports,1194
3797,represent,1271
3798,representa,442
3799,request,474
3800,require,965
3801,required,349
3802,res,45080
3803,research,1246
3804,researcher,464
3805,resent,2688
3806,resented,435
3807,resi,10931
3808,reside,9944
3809,residen,9846
3810,residency,808
3811,resident,8939
3812,residential,2298
3813,residents,463
3814,resist,600
3815,resource,558
3816,resp,3692
3817,respect,896
3818,respond,871
3819,responde,432
3820,response,866
3821,responsible,510
3822,rest,6065
3823,resta,168
3824,restaurant,101
3825,reste,718
3826,rested,694
3827,resting,550
3828,rests,954
3829,result,2512
3830,results,1104
3831,ret,7854
3832,rete,688
3833,retire,348
3834,rett,914
3835,return,1007
3836,rev,6379
3837,reveal,1228
3838,revealed,604
3839,review,700
3840,rey,507
3841,rf,3658
3842,rfa,656
3843,rfe,909
3844,rg,18063
3845,rhe,566
3846,rho,465
3847,ri,126609
3848,ria,11091
3849,rial,2795
3850,rib,4202
3851,ric,19995
3852,rica,14328
3853,rican,8731
3854,ricans,2676
3855,rice,1173
3856,rich,892
3857,rick,676
3858,rid,3101
3859,rida,1234
3860,ride,510
3861,ridge,302
3862,rief,383
3863,rien,3191
3864,rier,358
3865,ries,5227
3866,riff,382
3867,rig,8303
3868,rigg,762
3869,right,5820
3870,rights,1255
3871,rim,5417
3872,rima,875
3873,rime,2504
3874,rimes,720
3875,rin,16314
3876,ring,12482
3877,rings,471
3878,rink,603
3879,rio,5811
3880,rior,1180
3881,riot,713
3882,rip,1588
3883,ris,12109
3884,rise,1749
3885,rish,379
3886,rising,691
3887,risk,933
3888,rison,1056
3889,rita,1264
3890,rite,1837
3891,riv,4330
3892,riva,2166
3893,rival,280
3894,rive,1526
3895,rived,299
3896,river,325
3897,riz,1602
3898,rize,873
3899,rizo,451
3900,rking,1725
3901,rl,16053
3902,rla,493
3903,rm,24873
3904,rma,7421
3905,rms,2116
3906,rn,33024
3907,rna,5211
3908,rns,1382
3909,ro,114232
3910,roa,2237
3911,roach,589
3912,road,1314
3913,rob,4191
3914,roba,1212
3915,roc,3243
3916,rock,552
3917,rod,3153
3918,rofessor,455
3919,rog,2962
3920,roi,498
3921,rok,860
3922,rol,5578
3923,role,992
3924,roll,1328
3925,rolle,621
3926,rolled,543
3927,rom,23235
3928,romo,719
3929,romote,438
3930,ron,7899
3931,roo,2791
3932,roof,462
3933,room,801
3934,rop,7445
3935,ropa,923
3936,rope,3206
3937,roper,905
3938,rori,1952
3939,ros,5084
3940,rose,825
3941,ross,1944
3942,rot,6995
3943,rote,5520
3944,roth,644
3945,rother,608
3946,rough,5024
3947,round,4840
3948,rous,1678
3949,rout,377
3950,rov,5496
3951,rove,2403
3952,roved,480
3953,rover,517
3954,rovers,434
3955,rovin,388
3956,row,4427
3957,rowing,686
3958,roy,1483
3959,rpo,2516
3960,rs,72071
3961,rsa,1040
3962,rt,64658
3963,rte,8346
3964,rthe,1885
3965,rti,10405
3966,rtl,536
3967,rts,4655
3968,ru,37867
3969,ruc,3177
3970,rue,1483
3971,rug,1681
3972,rugs,401
3973,rui,835
3974,rule,1310
3975,rules,414
3976,ruling,490
3977,rum,16682
3978,rump,15677
3979,run,2687
3980,runnin,700
3981,running,699
3982,rup,2348
3983,rus,2652
3984,rush,410
3985,rust,1119
3986,rut,2269
3987,ruth,1767
3988,rv,11913
3989,rw,2453
3990,ry,52477
3991,sa,37932
3992,sab,543
3993,sac,863
3994,sad,1377
3995,sado,273
3996,safe,1131
3997,safety,366
3998,sag,1604
3999,sage,1244
4000,sai,8189
4001,said,7894
4002,sal,2118
4003,sale,755
4004,sales,252
4005,sam,3277
4006,san,3781
4007,sand,1364
4008,sands,981
4009,sap,463
4010,sar,1543
4011,sas,1062
4012,sat,1957
4013,saul,639
4014,sault,639
4015,save,581
4016,saw,774
4017,say,6109
4018,sayin,1267
4019,saying,1262
4020,says,1903
4021,sb,1021
4022,sba,544
4023,sc,20399
4024,sca,3122
4025,scan,822
4026,scandal,688
4027,scape,449
4028,scar,611
4029,scene,370
4030,sch,3625
4031,schedule,258
4032,school,1281
4033,schools,365
4034,sci,2893
4035,science,658
4036,scientist,492
4037,scl,594
4038,sco,3087
4039,score,195
4040,screen,397
4041,scribe,1213
4042,scrip,521
4043,script,521
4044,sd,2177
4045,sda,1677
4046,se,137494
4047,sea,4471
4048,sear,2203
4049,search,2191
4050,searchers,388
4051,seas,1195
4052,sease,670
4053,season,334
4054,seat,303
4055,sec,6371
4056,seco,1114
4057,second,1113
4058,secret,1496
4059,secretary,375
4060,sect,797
4061,security,1399
4062,sed,15168
4063,see,9030
4064,seeing,396
4065,seek,882
4066,seeking,317
4067,seem,2141
4068,seemed,244
4069,seems,1054
4070,seen,1456
4071,sei,773
4072,sel,8729
4073,select,368
4074,self,4410
4075,sell,812
4076,selv,1639
4077,selves,1632
4078,sem,1127
4079,semen,421
4080,sen,9849
4081,sena,237
4082,senat,147
4083,sence,582
4084,send,942
4085,senior,470
4086,sens,1445
4087,sense,883
4088,sent,5053
4089,sentence,251
4090,sep,834
4091,sepa,598
4092,separate,446
4093,ser,11028
4094,seri,1531
4095,serie,377
4096,series,365
4097,serio,1081
4098,serious,1054
4099,sert,554
4100,serve,3470
4101,served,739
4102,server,1068
4103,service,1024
4104,services,380
4105,ses,8847
4106,sess,961
4107,session,357
4108,set,3285
4109,sets,395
4110,sett,900
4111,settle,464
4112,settlement,205
4113,seu,189
4114,sev,2182
4115,seven,398
4116,sever,1645
4117,several,1277
4118,sex,1707
4119,sexual,839
4120,sf,1815
4121,sg,853
4122,sh,48560
4123,sha,4046
4124,share,1190
4125,shared,355
4126,shed,3097
4127,shel,503
4128,sher,452
4129,shes,514
4130,shi,8511
4131,shift,444
4132,shin,3692
4133,ship,3047
4134,ships,507
4135,shir,368
4136,shock,535
4137,shoo,722
4138,shoot,682
4139,shooting,383
4140,shop,402
4141,shor,1304
4142,short,1108
4143,shot,861
4144,shou,4259
4145,show,3598
4146,showed,429
4147,showin,422
4148,showing,422
4149,shows,784
4150,shu,481
4151,shut,373
4152,si,93272
4153,sia,9282
4154,sic,2935
4155,sid,16412
4156,side,15999
4157,siden,10043
4158,sident,9115
4159,sider,2245
4160,sides,466
4161,sie,909
4162,sifi,734
4163,sig,4618
4164,sigh,549
4165,sight,525
4166,sign,3952
4167,signed,857
4168,significa,852
4169,significant,754
4170,signs,483
4171,sil,2392
4172,sile,1137
4173,sim,2861
4174,simi,877
4175,similar,787
4176,simp,1719
4177,simple,573
4178,simply,1096
4179,sin,15159
4180,since,2539
4181,sine,1670
4182,sines,1624
4183,sing,9258
4184,single,814
4185,sion,11154
4186,siona,1274
4187,sir,574
4188,sis,5340
4189,sista,887
4190,sistan,864
4191,siste,883
4192,sit,9748
4193,site,2349
4194,sites,511
4195,siti,3337
4196,sitio,2357
4197,situ,1025
4198,situation,972
4199,siv,4284
4200,sive,4219
4201,six,622
4202,size,558
4203,sk,6841
4204,sked,1096
4205,ski,1527
4206,skin,746
4207,sky,653
4208,slam,1530
4209,slav,575
4210,slee,469
4211,sleep,438
4212,sli,2473
4213,slim,1659
4214,slims,653
4215,slow,415
4216,sly,2470
4217,sm,10472
4218,sma,2688
4219,small,1217
4220,sme,666
4221,sn,5082
4222,social,1737
4223,society,830
4224,sod,250
4225,soft,357
4226,sol,4358
4227,sola,458
4228,sold,772
4229,soldier,482
4230,soli,538
4231,solution,941
4232,solve,560
4233,som,9958
4234,someone,1023
4235,somethin,1933
4236,something,1932
4237,sometime,363
4238,sometimes,328
4239,son,11366
4240,sona,1761
4241,sonal,1343
4242,song,179
4243,sons,955
4244,soo,892
4245,soon,822
4246,sor,3470
4247,sort,850
4248,sou,4523
4249,sound,738
4250,sour,2691
4251,source,2516
4252,sources,1149
4253,sout,447
4254,south,443
4255,sp,26967
4256,spa,2577
4257,space,711
4258,spar,575
4259,spe,11077
4260,speak,1356
4261,speaking,464
4262,spec,5620
4263,specia,1816
4264,special,1816
4265,specially,940
4266,specific,617
4267,spee,1122
4268,speech,896
4269,spen,1669
4270,spend,1006
4271,spending,475
4272,spent,548
4273,spira,831
4274,spit,1662
4275,spite,1140
4276,spoke,833
4277,spokes,377
4278,spokesman,196
4279,spor,512
4280,sport,435
4281,sports,123
4282,spot,392
4283,spread,749
4284,sq,922
4285,sr,3206
4286,sra,2571
4287,ss,69597
4288,ssa,5434
4289,sses,2436
4290,ssi,22979
4291,ssing,1741
4292,ssm,711
4293,ssu,4159
4294,st,190395
4295,sta,29882
4296,stab,2312
4297,staff,683
4298,stag,1105
4299,stage,717
4300,stake,714
4301,stan,7566
4302,stance,1643
4303,stand,3889
4304,standard,598
4305,standin,985
4306,standing,985
4307,star,3301
4308,start,2312
4309,started,704
4310,stat,9462
4311,state,7757
4312,stated,687
4313,statement,1146
4314,states,1681
4315,stati,1089
4316,station,450
4317,status,408
4318,stau,180
4319,stay,688
4320,ste,22464
4321,stead,1524
4322,sted,3875
4323,stein,441
4324,stem,3632
4325,stems,573
4326,stent,525
4327,step,1046
4328,ster,8201
4329,stern,2354
4330,sti,24209
4331,stig,3784
4332,stil,3055
4333,still,2778
4334,sting,2624
4335,stock,557
4336,stone,355
4337,stood,453
4338,stop,1809
4339,stopped,271
4340,stor,6539
4341,store,865
4342,stories,504
4343,story,3146
4344,str,20464
4345,strate,1545
4346,strategi,539
4347,strategy,406
4348,stream,1235
4349,street,601
4350,streng,394
4351,strength,389
4352,strict,852
4353,strike,774
4354,strong,1292
4355,structure,659
4356,strug,520
4357,struggle,427
4358,sts,8702
4359,stu,4212
4360,stud,2182
4361,student,823
4362,students,552
4363,studie,428
4364,study,858
4365,sty,989
4366,style,420
4367,su,42517
4368,sua,1253
4369,sually,387
4370,sub,2999
4371,subject,738
4372,subs,1179
4373,success,998
4374,successful,552
4375,sue,2844
4376,sued,406
4377,sues,1104
4378,suffer,750
4379,sug,1376
4380,suggest,1120
4381,suggested,292
4382,sui,1255
4383,suit,746
4384,sul,4229
4385,sum,2174
4386,sumer,295
4387,summe,271
4388,summer,237
4389,sun,633
4390,sup,7896
4391,supe,886
4392,super,884
4393,supp,6687
4394,support,4767
4395,supporte,1713
4396,supported,433
4397,supporter,1280
4398,supporters,1026
4399,suppose,747
4400,supposed,697
4401,sur,8884
4402,sura,423
4403,suran,375
4404,sure,4077
4405,surge,331
4406,surprise,511
4407,sus,2186
4408,suspect,423
4409,sw,3142
4410,swe,1607
4411,swo,371
4412,sy,7342
4413,syc,732
4414,syl,396
4415,sys,3238
4416,system,3203
4417,ta,94922
4418,tab,5118
4419,tabi,524
4420,table,2126
4421,tac,4594
4422,tack,2990
4423,tacks,894
4424,tact,952
4425,tag,3116
4426,tage,1918
4427,tai,6589
4428,tail,1098
4429,tails,521
4430,tained,708
4431,tak,6995
4432,take,5795
4433,taken,1174
4434,takes,813
4435,taki,1126
4436,taking,1096
4437,tal,10170
4438,tale,311
4439,tali,1714
4440,talk,1967
4441,talkin,710
4442,talking,710
4443,tall,1208
4444,tally,789
4445,tam,1052
4446,tan,13634
4447,tance,2020
4448,tant,3996
4449,tap,540
4450,tar,12887
4451,targ,1078
4452,target,1068
4453,tari,1604
4454,tart,2451
4455,tary,5519
4456,tas,1537
4457,tat,19136
4458,tate,13654
4459,tated,843
4460,tau,478
4461,tax,1515
4462,taxes,415
4463,tay,823
4464,tb,706
4465,tc,5497
4466,tch,4128
4467,te,214619
4468,tea,3887
4469,teach,563
4470,team,908
4471,tech,1130
4472,techn,985
4473,techno,603
4474,technology,435
4475,ted,40336
4476,tee,2386
4477,teen,478
4478,tei,969
4479,tel,8733
4480,tele,602
4481,television,298
4482,tell,3557
4483,telling,455
4484,tem,8031
4485,temp,2157
4486,tempo,264
4487,tempt,1510
4488,tems,755
4489,ten,15116
4490,tence,775
4491,tend,2118
4492,tended,549
4493,tens,1450
4494,tent,4735
4495,tention,1232
4496,ter,60372
4497,tera,1946
4498,tere,3787
4499,teri,2601
4500,term,2696
4501,termin,1030
4502,termine,566
4503,terms,510
4504,terri,825
4505,terro,2193
4506,terror,2137
4507,terrorism,545
4508,terrorist,1172
4509,terrorists,661
4510,tes,18806
4511,test,4785
4512,tester,645
4513,testers,573
4514,tests,629
4515,tev,1039
4516,teve,1025
4517,tex,1310
4518,text,1261
4519,tf,1008
4520,th,514315
4521,tha,69994
4522,thank,502
4523,thd,313
4524,thea,368
4525,thems,1185
4526,theo,789
4527,thes,5498
4528,thi,38577
4529,thin,16304
4530,thing,10263
4531,things,2015
4532,think,4376
4533,thinkin,491
4534,thinking,491
4535,third,754
4536,tho,15782
4537,thor,2698
4538,thos,4457
4539,thou,6900
4540,though,3499
4541,thought,1301
4542,thousand,1074
4543,thousands,855
4544,thr,8647
4545,threat,1853
4546,threaten,741
4547,three,1491
4548,thro,4749
4549,throughout,559
4550,throw,717
4551,thu,857
4552,thus,536
4553,thy,1256
4554,ti,215657
4555,tia,8273
4556,tial,5228
4557,tian,1612
4558,tic,25460
4559,tica,6596
4560,tical,6244
4561,tice,2874
4562,tick,566
4563,tics,2189
4564,tie,6989
4565,tien,547
4566,tient,409
4567,ties,5796
4568,til,5780
4569,tile,336
4570,till,3186
4571,tim,12473
4572,time,9041
4573,times,1832
4574,timo,343
4575,tin,32369
4576,tine,1054
4577,ting,23924
4578,tini,602
4579,tinian,542
4580,tiny,334
4581,tio,83839
4582,tion,83376
4583,tions,16617
4584,tip,914
4585,tir,2620
4586,tire,2267
4587,tired,535
4588,tis,4456
4589,tisa,333
4590,tit,5166
4591,titi,802
4592,title,601
4593,tive,11422
4594,tives,1485
4595,tiz,1767
4596,tl,15255
4597,tle,5890
4598,tm,5500
4599,tn,2230
4600,tob,2951
4601,toc,1295
4602,tock,860
4603,tod,2006
4604,toda,1733
4605,today,1693
4606,together,1009
4607,tol,3439
4608,told,2415
4609,tom,1901
4610,toma,557
4611,tome,267
4612,tomer,216
4613,ton,21143
4614,tone,748
4615,toni,479
4616,tons,969
4617,took,1189
4618,top,4318
4619,toppe,296
4620,topped,292
4621,tor,21124
4622,tora,1070
4623,tore,1026
4624,tori,2844
4625,toria,542
4626,tories,771
4627,torn,930
4628,tors,3758
4629,tort,433
4630,tory,5281
4631,tot,1261
4632,total,1193
4633,touch,366
4634,tour,245
4635,tow,1963
4636,toward,1147
4637,town,659
4638,tp,1947
4639,tps,645
4640,tr,66156
4641,tra,19732
4642,trac,2104
4643,track,489
4644,tract,1376
4645,trad,2078
4646,trade,978
4647,tradition,648
4648,traditional,374
4649,traf,314
4650,traffic,295
4651,train,1055
4652,training,396
4653,tral,1761
4654,tran,3015
4655,trang,505
4656,trans,2332
4657,transit,302
4658,transition,267
4659,tras,405
4660,trat,4775
4661,travel,498
4662,tray,379
4663,tre,8789
4664,treat,1389
4665,treatment,428
4666,tree,1556
4667,treme,1004
4668,tres,678
4669,tress,513
4670,tri,11659
4671,trial,953
4672,trib,1877
4673,tribu,1523
4674,tribute,581
4675,trick,421
4676,trie,2590
4677,tried,545
4678,tries,1851
4679,trin,460
4680,trio,416
4681,trip,511
4682,tro,10310
4683,trod,444
4684,trol,3200
4685,troll,771
4686,tron,1917
4687,trong,1347
4688,troop,574
4689,troops,517
4690,trouble,375
4691,trove,508
4692,troy,1352
4693,tru,7820
4694,truck,355
4695,true,1156
4696,trug,543
4697,trust,759
4698,truth,1338
4699,try,7697
4700,tryin,1212
4701,trying,1212
4702,ts,61022
4703,tse,1234
4704,tt,30921
4705,tto,1579
4706,ttp,1494
4707,ttps,645
4708,tty,833
4709,tu,31874
4710,tua,5474
4711,tual,4069
4712,tun,2090
4713,tur,14609
4714,turd,262
4715,turin,288
4716,turing,286
4717,turn,3606
4718,turned,919
4719,turning,409
4720,turns,428
4721,tus,713
4722,tut,2620
4723,twa,384
4724,twee,3164
4725,tween,2726
4726,tweet,435
4727,twi,1121
4728,twit,608
4729,twitter,559
4730,two,4822
4731,twor,922
4732,ty,31187
4733,typ,1165
4734,type,787
4735,ua,17187
4736,ubl,9873
4737,ubs,1498
4738,uc,23224
4739,uci,795
4740,ucl,1900
4741,uct,5153
4742,ud,14809
4743,uden,987
4744,udi,5143
4745,ue,24233
4746,uf,2997
4747,ugg,1935
4748,ugh,13374
4749,uic,1269
4750,uil,2578
4751,uit,2753
4752,uk,1167
4753,ul,55630
4754,ula,7177
4755,uli,1647
4756,ulle,494
4757,ultima,546
4758,ultimate,533
4759,um,35256
4760,uma,4290
4761,uman,3241
4762,umi,662
4763,umm,758
4764,ump,17099
4765,ums,603
4766,un,66789
4767,una,2122
4768,unc,5287
4769,unci,882
4770,und,22474
4771,understand,1452
4772,une,1922
4773,ung,2296
4774,uni,6517
4775,unica,568
4776,union,322
4777,unis,1016
4778,unit,2850
4779,uniti,654
4780,unity,1691
4781,univ,673
4782,universit,261
4783,unlike,392
4784,uns,1602
4785,unter,968
4786,upi,749
4787,upon,871
4788,ups,1643
4789,ur,86113
4790,ural,1990
4791,uran,729
4792,urea,570
4793,urge,981
4794,uri,7378
4795,urin,3446
4796,uring,3379
4797,urn,6493
4798,urns,535
4799,uropean,995
4800,urrently,622
4801,urt,3877
4802,urth,1464
4803,us,86628
4804,usa,2259
4805,usan,1269
4806,usb,494
4807,use,20291
4808,used,4165
4809,user,372
4810,uses,1455
4811,usine,1621
4812,usines,1614
4813,using,2390
4814,usp,903
4815,uss,10125
4816,ussia,7659
4817,ust,17602
4818,ustr,2108
4819,usual,691
4820,usually,317
4821,ut,77157
4822,uta,837
4823,utc,714
4824,utes,946
4825,uti,8926
4826,va,17371
4827,vai,954
4828,vail,873
4829,val,3329
4830,valu,1203
4831,value,889
4832,van,2634
4833,vance,656
4834,vant,884
4835,vanta,376
4836,vantage,374
4837,var,1532
4838,various,601
4839,vas,1387
4840,vast,687
4841,vat,4092
4842,vate,1869
4843,vea,1443
4844,veal,1361
4845,vealed,623
4846,ved,5679
4847,veh,481
4848,vehicle,421
4849,veil,500
4850,vel,6242
4851,vela,417
4852,ven,15992
4853,veni,531
4854,vent,4460
4855,vents,750
4856,venue,305
4857,ver,51620
4858,vera,2723
4859,vernor,276
4860,vers,5512
4861,versa,913
4862,verse,1136
4863,versi,2253
4864,version,539
4865,vert,1953
4866,veryone,1114
4867,ves,12931
4868,vest,4957
4869,vesti,3763
4870,vet,644
4871,vete,417
4872,veteran,386
4873,vey,483
4874,vi,46819
4875,via,1213
4876,vic,4869
4877,vice,2463
4878,vices,791
4879,victim,626
4880,victims,358
4881,victor,960
4882,victory,829
4883,vid,8075
4884,vide,5565
4885,video,1835
4886,vie,5020
4887,view,3747
4888,viewed,383
4889,views,750
4890,vil,4298
4891,villa,392
4892,vin,7631
4893,vince,535
4894,vio,4950
4895,viola,715
4896,violence,979
4897,violent,603
4898,vis,4948
4899,vise,608
4900,viser,269
4901,vision,1158
4902,visit,837
4903,vist,794
4904,vit,2414
4905,vita,743
4906,viti,482
4907,viv,1049
4908,vive,444
4909,vo,16369
4910,voc,721
4911,voice,462
4912,void,825
4913,vol,3482
4914,volved,844
4915,vor,1684
4916,vot,7278
4917,vote,5824
4918,voted,544
4919,voter,1970
4920,voters,1395
4921,votes,862
4922,voting,1300
4923,vu,348
4924,wa,59275
4925,wag,574
4926,wage,429
4927,wai,1024
4928,wait,862
4929,wal,1570
4930,walk,658
4931,wall,570
4932,wan,4986
4933,want,4548
4934,wanted,778
4935,wants,883
4936,war,12480
4937,ward,3371
4938,wards,822
4939,ware,984
4940,warm,509
4941,warn,911
4942,warne,372
4943,warned,372
4944,wars,1481
4945,wat,3320
4946,watch,1091
4947,water,2138
4948,wav,506
4949,wave,465
4950,way,8802
4951,ways,2231
4952,weak,456
4953,wealth,630
4954,weapon,1373
4955,weapons,1074
4956,wear,544
4957,web,992
4958,webs,742
4959,website,732
4960,wed,2831
4961,wee,6550
4962,week,2482
4963,weekend,249
4964,weeks,735
4965,weet,795
4966,wei,799
4967,weigh,465
4968,wel,4755
4969,well,4049
4970,wen,1390
4971,went,1296
4972,wer,17582
4973,wes,1049
4974,west,891
4975,wever,2262
4976,wh,57403
4977,wha,10362
4978,whe,13303
4979,whet,1253
4980,whether,1249
4981,whic,9811
4982,whil,3421
4983,whit,1790
4984,white,1769
4985,whole,947
4986,whos,786
4987,whose,775
4988,wi,64631
4989,wic,407
4990,wide,1148
4991,wif,685
4992,wife,609
4993,wil,16258
4994,willi,641
4995,willing,636
4996,win,7556
4997,wind,464
4998,wing,4345
4999,winn,620
5000,winning,381
5001,wis,2587
5002,wise,564
5003,wish,1613
5004,wit,34660
5005,within,1383
5006,without,2004
5007,witness,487
5008,witt,1547
5009,witte,1513
5010,witter,1506
5011,wk,370
5012,wl,1672
5013,wm,426
5014,wo,39384
5015,woman,1084
5016,women,1895
5017,wonder,701
5018,woo,765
5019,wood,697
5020,wor,17516
5021,word,1864
5022,words,1129
5023,work,7219
5024,worked,632
5025,worker,668
5026,workers,499
5027,workin,1508
5028,working,1497
5029,works,840
5030,worl,5606
5031,world,5606
5032,worr,459
5033,worse,721
5034,wort,839
5035,worth,818
5036,would,10924
5037,wound,323
5038,wr,5104
5039,wri,2487
5040,writ,2377
5041,write,1269
5042,writer,427
5043,writing,522
5044,written,575
5045,wron,993
5046,wrong,993
5047,wrot,1099
5048,wrote,1096
5049,ws,10735
5050,wth,615
5051,wye,466
5052,xi,5105
5053,xo,592
5054,xp,10371
5055,xpected,537
5056,xpres,934
5057,xpress,918
5058,xtra,921
5059,xtreme,818
5060,xu,1002
5061,ya,3609
5062,yan,924
5063,ye,16299
5064,yea,8315
5065,year,8222
5066,years,4557
5067,yee,473
5068,yer,1942
5069,yes,1103
5070,yet,1458
5071,yi,7181
5072,yin,6688
5073,ying,6654
5074,yle,652
5075,yo,31774
5076,yon,3195
5077,youn,903
5078,young,901
5079,yr,5632
5080,yria,4366
5081,yt,3192
5082,za,4323
5083,zar,495
5084,ze,9700
5085,zed,2985
5086,zen,2065
5087,zil,377
5088,zine,379
5089,zing,1398
5090,zo,1634
5091,zone,628
5092,zu,932
