,word,count
0,aa,786
1,ab,57226
2,aba,1437
3,abb,842
4,abe,1557
5,abi,5081
6,ability,1951
7,abin,731
8,able,12714
9,ably,2416
10,abo,25523
11,abor,2563
12,abort,718
13,abou,21535
14,abr,1072
15,abs,1544
16,absolut,469
17,absolute,457
18,abu,1213
19,abuse,787
20,aby,602
21,ac,117373
22,aca,2339
23,acc,14151
24,acce,2902
25,accept,1352
26,access,1225
27,acco,7735
28,accord,4297
29,according,4062
30,account,2290
31,accuse,1349
32,accused,1161
33,ace,18951
34,aced,2159
35,aces,2093
36,ach,13879
37,ache,3537
38,ached,1462
39,achieve,606
40,achin,1463
41,aching,797
42,aci,4826
43,acing,1305
44,acis,870
45,ack,28545
46,acknowledge,832
47,acl,571
48,aco,711
49,acr,3587
50,acre,505
51,across,2374
52,act,24536
53,acted,1123
54,actic,2025
55,acting,858
56,actio,3727
57,action,3699
58,actions,1370
59,active,875
60,activist,911
61,acto,2217
62,actor,2121
63,actors,784
64,acts,1337
65,actual,1790
66,actually,1346
67,acu,898
68,ad,117973
69,ada,1952
70,add,9359
71,added,3629
72,adding,1145
73,addition,1345
74,additional,681
75,addre,1555
76,address,1555
77,ade,22722
78,aded,1289
79,adl,1781
80,adly,722
81,adm,6337
82,admin,4965
83,administration,4499
84,admit,697
85,ado,3207
86,ads,2093
87,adu,1826
88,adv,6385
89,advance,831
90,advantage,636
91,advert,730
92,advise,1987
93,adviser,1589
94,ady,4148
95,ae,5575
96,af,25126
97,aff,5838
98,affect,1005
99,aft,14911
100,ag,58772
101,aga,10745
102,agains,6329
103,age,28679
104,aged,2191
105,agement,892
106,agen,4659
107,agencies,852
108,agency,1455
109,agenda,801
110,agent,1189
111,agents,736
112,ager,2214
113,ages,3116
114,aggress,691
115,aging,1488
116,ago,4592
117,agon,811
118,agree,3179
119,agreed,973
120,agreement,1396
121,ah,7257
122,aha,1190
123,ahead,791
124,aho,722
125,ai,144100
126,aid,62444
127,aide,1251
128,aig,7471
129,aila,1156
130,ailed,2116
131,aili,758
132,ailing,739
133,ails,2113
134,ailure,626
135,aim,4734
136,aime,1620
137,aimed,1543
138,aims,1236
139,aine,5109
140,aint,3530
141,air,10197
142,aire,864
143,airman,1288
144,airs,1561
145,ais,3989
146,ait,3026
147,aj,4418
148,ak,38479
149,aka,581
150,akers,1562
151,akin,6557
152,ako,426
153,al,283015
154,ala,3824
155,alan,974
156,alar,801
157,ald,6379
158,ale,9899
159,aled,1390
160,alen,989
161,ales,2299
162,alf,2191
163,ali,19936
164,alia,1791
165,alien,825
166,alking,1522
167,alla,918
168,alle,11695
169,allege,723
170,alleged,664
171,allen,2224
172,aller,946
173,allie,1200
174,allies,1048
175,allin,1703
176,allo,4373
177,allot,433
178,allow,3302
179,allowed,1177
180,alls,2405
181,ally,21837
182,alm,3127
183,almo,1890
184,almost,1800
185,alon,3237
186,alone,852
187,along,2293
188,already,2446
189,als,26876
190,alse,734
191,also,12765
192,alt,9467
193,alte,1137
194,alter,990
195,altho,698
196,although,698
197,alway,2253
198,always,2251
199,aly,2858
200,ama,11999
201,amac,1041
202,amaca,1024
203,amb,3007
204,ame,24106
205,amen,2529
206,ament,2077
207,amer,1211
208,ames,3515
209,ami,13365
210,amin,2102
211,amm,2058
212,amma,684
213,amo,5846
214,amon,3423
215,among,3197
216,amount,1047
217,amp,13499
218,ample,1964
219,amps,617
220,ana,8909
221,anad,983
222,anal,1909
223,analyst,927
224,anc,25387
225,ance,17531
226,ancel,853
227,anche,868
228,anda,3252
229,ande,4501
230,ander,2603
231,anders,1407
232,andi,5539
233,ands,5070
234,ang,16016
235,ange,10185
236,anger,2391
237,angi,917
238,anh,965
239,ani,15683
240,anic,1235
241,anies,2547
242,anima,647
243,anis,1606
244,ann,12589
245,anna,555
246,anne,3406
247,anni,1588
248,anning,965
249,anno,5379
250,announce,2526
251,announced,1666
252,annual,917
253,ano,6187
254,anon,704
255,another,4006
256,ans,24515
257,ansa,686
258,answer,1362
259,ant,33840
260,ante,3261
261,anti,2948
262,antic,844
263,ants,6301
264,anu,2948
265,anyone,1102
266,anythin,1489
267,anything,1489
268,ao,1492
269,ap,44852
270,apa,3222
271,apar,1250
272,apart,1211
273,ape,5110
274,aper,2225
275,api,3033
276,app,20423
277,apparent,733
278,appeal,1074
279,appear,4061
280,appeared,1563
281,appears,771
282,appoint,1416
283,appr,4235
284,approach,1516
285,approve,737
286,apse,515
287,apt,2054
288,aq,2195
289,aqi,577
290,ar,303050
291,ara,9359
292,aran,1406
293,arat,1801
294,arc,8672
295,arch,7083
296,arche,1276
297,archer,848
298,archers,677
299,archi,946
300,ard,21557
301,area,2397
302,areas,1003
303,arel,825
304,arent,3115
305,ares,877
306,argue,1379
307,argued,831
308,argument,752
309,ari,15381
310,aria,2017
311,arian,1203
312,arie,1565
313,aries,1024
314,arin,4572
315,aris,1790
316,ark,10431
317,arlie,2155
318,arm,5959
319,arma,438
320,arme,1471
321,armed,842
322,armi,812
323,armin,715
324,arming,700
325,arms,844
326,arn,5978
327,arne,3058
328,arol,1388
329,around,4284
330,arrest,1802
331,arrested,966
332,arrive,1098
333,arrived,809
334,ars,17052
335,arsh,814
336,art,45048
337,arte,4344
338,artic,4381
339,article,1441
340,articular,1880
341,artie,811
342,artis,1568
343,artist,883
344,arts,1704
345,arty,4935
346,ash,9008
347,ashe,1149
348,ashin,3584
349,ashington,3197
350,asis,595
351,ask,6791
352,aske,3873
353,asked,3379
354,asking,790
355,asn,1300
356,aso,4678
357,asp,921
358,ass,19944
359,assault,1006
360,assed,1158
361,asser,725
362,asses,1293
363,assis,1012
364,assist,1000
365,assoc,1226
366,associate,943
367,assum,609
368,ast,30258
369,asti,1957
370,astro,866
371,asu,2584
372,ata,3722
373,atc,4556
374,ate,96146
375,ately,2973
376,ates,18125
377,ath,14032
378,atic,4671
379,atm,1246
380,ato,9174
381,atri,1723
382,ats,5584
383,att,20605
384,atta,6735
385,attack,5531
386,attacks,1894
387,attempt,1323
388,attend,1580
389,attention,1137
390,atti,761
391,atto,1262
392,attorney,1103
393,atu,7279
394,au,36972
395,auc,1075
396,audi,2545
397,audie,1043
398,audience,1041
399,aug,4407
400,aul,3599
401,ault,1528
402,aun,1597
403,aura,1170
404,aus,12390
405,ause,11219
406,auth,3624
407,author,3440
408,authorities,1278
409,auto,1093
410,av,61149
411,ava,2327
412,avail,987
413,available,901
414,ave,45669
415,aver,1657
416,average,837
417,avi,8386
418,avid,1656
419,aving,3573
420,avis,819
421,avoid,1111
422,aw,22417
423,awa,5125
424,awar,1372
425,aware,762
426,away,2744
427,aws,2163
428,ax,4900
429,axe,919
430,axes,761
431,ay,87902
432,aye,5469
433,ayer,2881
434,ayers,1574
435,ayin,5068
436,az,5630
437,ba,59372
438,bab,2161
439,back,9092
440,bad,1633
441,bag,816
442,bal,6072
443,bala,641
444,bali,355
445,ball,2946
446,ballo,468
447,bam,8028
448,bama,7996
449,ban,7827
450,band,2183
451,bank,1948
452,banks,511
453,bar,9618
454,barr,1191
455,bart,5830
456,bas,6124
457,base,2874
458,based,1423
459,basic,724
460,bass,1162
461,bat,5228
462,bate,1835
463,battle,1243
464,bb,3919
465,bea,2953
466,beat,917
467,bec,13908
468,became,1939
469,become,3005
470,becoming,570
471,bed,3580
472,bee,19010
473,beg,4788
474,began,2461
475,begin,1757
476,beginn,763
477,beginning,751
478,beh,3153
479,behavior,752
480,behind,1731
481,bei,5626
482,bel,7353
483,belie,4011
484,believe,3376
485,believed,922
486,belo,964
487,ben,2480
488,bene,1736
489,benefit,1351
490,benefits,683
491,ber,21744
492,bera,1985
493,berat,779
494,berg,1276
495,bert,2178
496,best,2525
497,bet,7658
498,bett,2381
499,bette,2276
500,better,2270
501,bey,968
502,beyond,867
503,bi,29244
504,bia,2015
505,bid,802
506,big,3882
507,bigg,1258
508,biggest,877
509,bil,10248
510,bill,4948
511,billion,2453
512,bin,3795
513,bing,1599
514,bio,1018
515,bir,1075
516,birth,776
517,bis,474
518,bit,3593
519,biti,874
520,bj,1882
521,bla,4669
522,blac,2791
523,black,2791
524,blame,630
525,ble,24619
526,bled,1163
527,bli,19087
528,bling,925
529,blishment,548
530,blo,3963
531,bloc,1757
532,block,1441
533,blog,336
534,blood,916
535,blow,546
536,blu,968
537,bly,3632
538,bo,58494
539,boa,2695
540,boar,1977
541,board,1971
542,bod,3449
543,body,2850
544,bom,1525
545,bomb,1503
546,bon,1467
547,boo,5642
548,book,4653
549,books,729
550,bora,859
551,borat,779
552,bord,1951
553,borde,1894
554,border,1892
555,born,1233
556,bot,5163
557,bout,22020
558,bove,1085
559,box,880
560,boy,1405
561,br,24101
562,bra,5436
563,brain,563
564,bran,1566
565,brand,1037
566,brat,1128
567,bre,3822
568,brea,2935
569,break,1945
570,bri,6656
571,brie,1995
572,brief,1828
573,briefing,907
574,brin,1910
575,bring,1809
576,bro,6235
577,broad,2209
578,brok,1182
579,broke,1180
580,brot,926
581,broth,920
582,brother,901
583,brought,1201
584,bs,9582
585,bsc,562
586,bse,1569
587,bst,1390
588,bt,2061
589,bu,42958
590,bud,1174
591,budge,1051
592,budget,1033
593,bui,4099
594,build,3181
595,building,2055
596,built,915
597,bul,1579
598,bull,720
599,bun,699
600,bur,3639
601,burg,901
602,burn,624
603,bus,7166
604,business,3912
605,bute,1078
606,buy,1503
607,bvi,619
608,ca,151637
609,cab,1289
610,cad,3372
611,cade,3234
612,cal,32807
613,call,14353
614,calle,5568
615,called,5513
616,callin,1186
617,calling,1186
618,calls,1323
619,cam,14075
620,came,5789
621,camp,8131
622,campa,6532
623,campaign,6531
624,cancer,819
625,candi,2654
626,candid,2622
627,candida,2567
628,candidat,2276
629,candidate,2275
630,candidates,850
631,cann,1279
632,cannot,1038
633,cans,5769
634,cant,1610
635,cap,4356
636,capa,744
637,cape,782
638,capita,1313
639,capital,1236
640,capt,999
641,car,13982
642,card,1002
643,care,6048
644,career,1249
645,carr,2259
646,carrie,1068
647,carried,736
648,carry,1100
649,cars,833
650,cas,9817
651,case,5320
652,cases,1642
653,cash,494
654,casi,740
655,cast,2397
656,cat,12100
657,cate,4385
658,cation,5537
659,cause,10534
660,caused,644
661,cc,21531
662,cca,838
663,cci,836
664,ccording,5161
665,ce,162369
666,cea,980
667,ced,10432
668,cede,778
669,cee,1137
670,cef,482
671,cei,3067
672,ceived,1681
673,cele,2084
674,celeb,1480
675,celebra,981
676,cell,1426
677,cem,3605
678,cement,2576
679,cen,19041
680,cene,1001
681,cent,16409
682,center,1739
683,central,775
684,century,535
685,cep,3457
686,cept,3287
687,cern,2551
688,cert,2854
689,certain,2145
690,certainly,611
691,ces,21370
692,cess,7510
693,cessi,908
694,ch,127301
695,cha,23729
696,chae,1786
697,chai,2158
698,chair,1729
699,chairman,1161
700,chal,1912
701,challenge,1572
702,cham,1115
703,chan,8357
704,chance,1255
705,chang,5958
706,change,5490
707,changed,959
708,changes,1203
709,char,6088
710,character,1177
711,chard,878
712,charge,2815
713,charged,880
714,charges,1134
715,chas,763
716,che,17393
717,check,1302
718,chem,944
719,chemi,551
720,chen,671
721,cher,2699
722,chers,1253
723,chest,820
724,chi,15173
725,chief,2824
726,child,4532
727,children,3164
728,chin,3662
729,chine,641
730,ching,2563
731,cho,10670
732,choi,1318
733,choice,1195
734,chol,1295
735,choo,5735
736,chose,655
737,chu,2339
738,church,816
739,ci,72014
740,cia,23523
741,cial,18483
742,cials,5739
743,cid,4121
744,cide,3766
745,cided,1166
746,cie,7249
747,cien,3230
748,cientist,959
749,cil,2376
750,cine,584
751,cio,1550
752,cious,957
753,cip,3031
754,cir,1258
755,circ,1239
756,cis,7455
757,cism,1406
758,cit,10270
759,cite,1100
760,cited,799
761,citi,3240
762,cities,1118
763,citiz,1474
764,citizen,1474
765,citizens,1119
766,city,4971
767,civ,2088
768,civil,1942
769,civilian,905
770,civilians,570
771,ck,53339
772,cke,8808
773,cked,3856
774,cker,2079
775,ckin,2898
776,cking,2863
777,cks,6092
778,cl,43269
779,cla,8560
780,claim,3631
781,claimed,1123
782,claims,1055
783,clare,909
784,clas,2586
785,class,2255
786,cle,10676
787,clean,672
788,clear,4839
789,clearly,617
790,cli,5353
791,clima,1308
792,climat,1278
793,climate,1261
794,clin,2441
795,cline,1607
796,clos,4865
797,close,4013
798,closed,846
799,club,996
800,co,185699
801,coal,1064
802,cod,736
803,code,587
804,cog,1061
805,cognize,610
806,col,7769
807,coll,4637
808,collaps,481
809,collect,1378
810,college,1240
811,colo,1210
812,color,634
813,com,48873
814,comb,1217
815,come,10708
816,comes,1987
817,comfort,739
818,comin,2777
819,coming,2776
820,comm,13290
821,comma,945
822,command,922
823,comme,4054
824,commend,700
825,comment,2552
826,comments,983
827,commit,2589
828,committed,637
829,committee,1159
830,common,1126
831,community,1606
832,comp,18546
833,companies,2430
834,company,4676
835,compare,780
836,complain,1244
837,comple,2238
838,complete,1390
839,completely,511
840,complex,696
841,comput,798
842,compute,739
843,computer,732
844,con,57648
845,concern,2422
846,concerne,633
847,concerned,633
848,concerns,988
849,conclu,1139
850,conclude,714
851,condi,1155
852,condition,1141
853,conduct,1200
854,confer,1487
855,conference,1437
856,confide,877
857,confiden,858
858,confirm,1649
859,confirmed,820
860,conflict,1049
861,confront,603
862,cong,1197
863,congres,801
864,congress,801
865,conn,1338
866,connect,1274
867,connection,651
868,cons,12483
869,conserv,2311
870,conserva,2292
871,conservative,2089
872,consider,2670
873,considere,974
874,considered,974
875,consist,616
876,const,2549
877,constitution,577
878,construct,994
879,construction,737
880,consume,967
881,consumer,787
882,cont,14515
883,conta,1613
884,contact,819
885,contain,659
886,conte,2399
887,content,889
888,conti,4421
889,continue,3499
890,continued,1541
891,continues,475
892,contra,1820
893,contract,963
894,contro,3009
895,control,2355
896,convent,888
897,convention,872
898,conversation,1138
899,convict,885
900,coo,2140
901,coop,639
902,cop,1415
903,cor,14194
904,cord,8476
905,cords,871
906,core,1308
907,corp,1158
908,corporate,672
909,correct,698
910,corrupt,620
911,corruptio,468
912,corruption,468
913,cos,2710
914,cost,2332
915,costs,774
916,cot,1861
917,could,10529
918,count,14050
919,counter,1470
920,countrie,2194
921,countries,2194
922,country,6331
923,counts,957
924,coup,1451
925,couple,1046
926,cour,6608
927,courage,973
928,cours,1887
929,course,1871
930,court,3450
931,cov,4496
932,cove,4460
933,cover,4376
934,coverage,959
935,covered,1208
936,cow,723
937,cq,654
938,cr,49194
939,cra,11008
940,crac,1353
941,craft,632
942,crat,7029
943,crats,2967
944,cre,15417
945,crea,7342
946,crease,2276
947,creased,716
948,creasing,1176
949,create,2067
950,created,1009
951,cred,1947
952,credit,991
953,cree,1216
954,creen,933
955,cri,13400
956,crib,2939
957,crim,3835
958,crime,1626
959,crimes,599
960,criminal,1522
961,crip,1054
962,cris,1215
963,crisis,979
964,crit,3877
965,critic,3670
966,critical,822
967,criticism,832
968,criticize,882
969,cro,6274
970,cross,3326
971,crow,1589
972,crowd,1439
973,cru,2467
974,cry,618
975,cs,6719
976,ct,92006
977,cta,1737
978,cte,11195
979,cto,10604
980,ctr,1545
981,cts,5643
982,ctu,5892
983,cu,41701
984,cult,3560
985,cultura,694
986,cultural,692
987,culture,1129
988,cum,2937
989,cup,767
990,cure,895
991,curren,2156
992,current,1820
993,currently,534
994,cus,9213
995,cuse,2551
996,cuss,2351
997,custom,1206
998,customer,903
999,cut,8678
1000,cute,559
1001,cy,13476
1002,cyc,690
1003,da,59419
1004,dab,935
1005,dad,409
1006,dai,796
1007,dal,1874
1008,dam,2576
1009,dama,1181
1010,damage,939
1011,dan,4280
1012,dance,970
1013,dang,1358
1014,danger,1313
1015,dangerous,679
1016,dar,2888
1017,dark,667
1018,das,377
1019,dat,8204
1020,data,1766
1021,date,4288
1022,dates,1284
1023,dati,1921
1024,daughter,1364
1025,day,29093
1026,days,3975
1027,db,748
1028,dc,1558
1029,ddr,1678
1030,de,217899
1031,dea,10336
1032,dead,1483
1033,deal,3993
1034,deals,682
1035,death,2229
1036,deb,2687
1037,deba,1750
1038,debat,1687
1039,debate,1600
1040,debt,454
1041,dec,11554
1042,decade,2092
1043,decades,1354
1044,decide,1673
1045,decided,1112
1046,decision,3002
1047,declare,893
1048,declared,711
1049,decline,1471
1050,declined,1049
1051,ded,22242
1052,dee,2908
1053,deed,543
1054,deep,1756
1055,def,6334
1056,defeat,731
1057,defen,2965
1058,defend,1571
1059,defens,1361
1060,defense,1122
1061,degree,701
1062,del,6973
1063,dele,964
1064,deli,2699
1065,deliver,1322
1066,dem,5640
1067,demand,1336
1068,demi,742
1069,demo,2063
1070,democracy,458
1071,demon,873
1072,demons,802
1073,den,38603
1074,dence,3020
1075,dency,1019
1076,deni,1113
1077,dent,28543
1078,dential,3112
1079,dents,4257
1080,deo,3080
1081,dep,6494
1082,depa,1463
1083,depart,1462
1084,department,993
1085,depend,1861
1086,dependent,983
1087,depo,992
1088,der,45545
1089,dera,5803
1090,deri,1295
1091,dern,918
1092,des,16568
1093,desc,2935
1094,describe,2124
1095,described,1594
1096,dese,566
1097,desi,2121
1098,design,1629
1099,designe,836
1100,despite,993
1101,destroy,670
1102,det,4480
1103,detai,1976
1104,detail,1433
1105,details,797
1106,deter,1446
1107,determine,914
1108,dev,3988
1109,deve,2262
1110,develop,2260
1111,develope,733
1112,development,880
1113,devi,980
1114,devic,728
1115,device,728
1116,df,980
1117,dg,9716
1118,dh,857
1119,di,123429
1120,dia,9728
1121,dian,1929
1122,dic,8556
1123,dicta,537
1124,die,6632
1125,died,1752
1126,dier,802
1127,dies,1866
1128,diff,4840
1129,differ,3422
1130,difference,766
1131,different,2529
1132,difficult,1374
1133,dig,1222
1134,dim,843
1135,din,33629
1136,dina,1461
1137,dinar,609
1138,ding,30580
1139,dio,2260
1140,dip,979
1141,diplo,865
1142,diploma,865
1143,dir,5796
1144,dire,5447
1145,direct,5343
1146,directly,760
1147,directo,2668
1148,director,2668
1149,dis,19606
1150,disa,2241
1151,disc,5659
1152,disco,1404
1153,discover,861
1154,discus,2149
1155,discuss,2146
1156,discussion,757
1157,diseas,582
1158,disease,582
1159,dish,942
1160,diss,587
1161,district,1032
1162,dit,7936
1163,div,4253
1164,dive,1046
1165,diver,867
1166,divers,725
1167,dl,10258
1168,dm,8902
1169,dma,951
1170,dman,669
1171,dn,7475
1172,doc,3598
1173,doctor,1112
1174,docu,2094
1175,document,2091
1176,documents,908
1177,doe,4468
1178,dog,1373
1179,doi,2198
1180,doin,2192
1181,dol,1703
1182,doll,1218
1183,dollar,1179
1184,dollars,969
1185,dom,3397
1186,dome,632
1187,dona,701
1188,donat,647
1189,done,2325
1190,doo,1331
1191,door,1181
1192,dor,2424
1193,dorse,644
1194,dos,530
1195,doubt,782
1196,dow,8138
1197,doze,1142
1198,dozen,1112
1199,dr,23787
1200,dra,4342
1201,draw,1759
1202,dre,9316
1203,dred,1359
1204,dress,2409
1205,drew,1068
1206,drin,635
1207,drive,2035
1208,driver,982
1209,dro,2931
1210,drop,1295
1211,dropp,665
1212,drug,1889
1213,drugs,665
1214,ds,29140
1215,dso,947
1216,dt,702
1217,du,25572
1218,dual,1649
1219,duc,9484
1220,duca,1814
1221,ducati,1541
1222,duce,2954
1223,duct,4107
1224,ducts,630
1225,due,876
1226,dum,784
1227,dur,5995
1228,dus,2393
1229,dust,2279
1230,dv,6994
1231,dw,2357
1232,dwa,1021
1233,dy,12665
1234,ea,204335
1235,ead,25772
1236,eady,3387
1237,eaker,1191
1238,eakin,1642
1239,ealing,973
1240,eally,3162
1241,ear,53744
1242,eared,2059
1243,earl,6940
1244,earlier,1307
1245,early,5288
1246,earn,2713
1247,earned,1094
1248,ears,11792
1249,earth,480
1250,eas,23647
1251,ease,7108
1252,eased,2716
1253,eases,654
1254,easing,1438
1255,eason,3975
1256,east,4252
1257,easy,819
1258,eat,24866
1259,eaten,1097
1260,eater,1441
1261,eating,1527
1262,eats,1252
1263,eau,1967
1264,eb,14337
1265,eba,2706
1266,ebe,1268
1267,eboo,2054
1268,ebook,2006
1269,ebt,465
1270,ebu,1239
1271,ec,127542
1272,ecause,8829
1273,ecently,1849
1274,eco,16601
1275,econ,6991
1276,econo,3817
1277,econom,3817
1278,economic,2022
1279,economy,1327
1280,ect,41304
1281,ection,9374
1282,ector,4483
1283,ed,354369
1284,ede,8539
1285,eden,854
1286,eder,4821
1287,edge,2700
1288,edged,964
1289,edi,15703
1290,edict,973
1291,edit,2872
1292,editor,1071
1293,edl,2327
1294,edo,1860
1295,edom,1292
1296,eds,2881
1297,edu,4420
1298,educ,2916
1299,education,1123
1300,edy,1144
1301,ee,113708
1302,eec,2584
1303,eek,10724
1304,eeking,785
1305,eeks,2146
1306,eel,4495
1307,een,29906
1308,ef,45869
1309,efe,8147
1310,eff,6796
1311,effect,2290
1312,effective,931
1313,effort,2880
1314,efforts,1481
1315,efl,1403
1316,efore,7613
1317,eft,4059
1318,eg,34912
1319,egal,4391
1320,egan,2723
1321,ego,2487
1322,egot,1226
1323,egu,3444
1324,eh,7606
1325,ei,55826
1326,eight,2169
1327,eign,3182
1328,ein,10311
1329,eine,416
1330,einer,276
1331,eis,556
1332,eit,7978
1333,either,1489
1334,eject,938
1335,ek,11910
1336,eke,1714
1337,eks,2216
1338,el,138804
1339,ela,8323
1340,elan,1865
1341,elated,636
1342,elation,2454
1343,ele,21879
1344,elec,7157
1345,elect,7064
1346,elected,1002
1347,election,4424
1348,elections,741
1349,electo,412
1350,elector,412
1351,eles,2355
1352,elf,5510
1353,eli,15696
1354,elie,4903
1355,eligious,903
1356,elit,659
1357,elite,502
1358,ell,22804
1359,ella,717
1360,elle,2724
1361,ello,1613
1362,elly,1174
1363,elm,864
1364,elon,900
1365,els,5871
1366,else,1695
1367,elves,1781
1368,ely,15287
1369,em,98010
1370,ema,11194
1371,emai,5674
1372,email,2558
1373,emails,769
1374,eman,1991
1375,ember,8697
1376,embers,3719
1377,emen,15852
1378,emerge,1288
1379,emi,5758
1380,emin,1709
1381,emo,13552
1382,emotion,738
1383,emp,7959
1384,employ,2965
1385,employee,1619
1386,employees,1246
1387,empt,2045
1388,ems,4825
1389,en,394015
1390,ena,8767
1391,ence,20247
1392,enced,803
1393,encourage,709
1394,end,30357
1395,enda,2322
1396,ende,8135
1397,ended,3843
1398,ender,2211
1399,ending,3051
1400,endo,1322
1401,endor,780
1402,ends,3389
1403,ene,17493
1404,energy,872
1405,enes,995
1406,enforce,1435
1407,enforcement,1119
1408,eng,6182
1409,engage,788
1410,engin,1093
1411,engine,836
1412,enjoy,660
1413,enn,3887
1414,eno,4146
1415,enough,2130
1416,ensure,577
1417,ent,155373
1418,ente,8561
1419,enten,946
1420,enter,5086
1421,entire,1329
1422,entity,685
1423,entra,1845
1424,enu,1952
1425,enviro,1059
1426,environ,1059
1427,environment,1054
1428,eny,634
1429,eo,27774
1430,eon,2449
1431,eop,17430
1432,eople,16997
1433,eos,537
1434,ep,60588
1435,epa,7592
1436,eph,1846
1437,epi,2785
1438,epis,933
1439,episode,898
1440,epo,12004
1441,epr,4025
1442,epub,7648
1443,equal,804
1444,er,578797
1445,era,30472
1446,eral,13834
1447,eran,1386
1448,erb,1406
1449,erc,10191
1450,ere,74712
1451,ered,10194
1452,eres,3374
1453,ergen,834
1454,eric,14250
1455,erica,13793
1456,erie,4126
1457,erin,6351
1458,erm,9184
1459,erma,3413
1460,ermine,1288
1461,ero,4369
1462,erp,1872
1463,err,10473
1464,erred,838
1465,erri,2454
1466,erring,878
1467,error,3633
1468,ers,83009
1469,erso,5721
1470,erst,2457
1471,ert,13980
1472,erts,1656
1473,es,363072
1474,esa,647
1475,esc,5259
1476,escribe,2201
1477,esd,5077
1478,ese,18295
1479,esea,2551
1480,esh,1594
1481,eso,2733
1482,esp,10475
1483,especial,1380
1484,especially,1380
1485,espite,1603
1486,ess,48384
1487,essa,3301
1488,esse,5958
1489,essen,787
1490,essential,589
1491,esso,2670
1492,est,55775
1493,esta,3637
1494,establish,1198
1495,establishment,493
1496,este,6433
1497,esters,749
1498,estimate,1056
1499,esto,2026
1500,ests,3663
1501,et,108095
1502,eta,7650
1503,etc,882
1504,etch,799
1505,eth,11680
1506,ether,5722
1507,eti,10123
1508,etic,1293
1509,etim,1770
1510,eto,1426
1511,etro,802
1512,ets,6375
1513,ett,11981
1514,etter,3951
1515,etti,2860
1516,etween,4462
1517,ety,2614
1518,eu,4422
1519,eur,1049
1520,eut,928
1521,ev,62112
1522,eva,2810
1523,evan,524
1524,eve,46487
1525,even,14827
1526,evening,923
1527,event,4449
1528,events,1027
1529,eventual,837
1530,eventually,764
1531,ever,20408
1532,evers,655
1533,every,6045
1534,everyone,1116
1535,everything,1183
1536,evi,9992
1537,evidence,1746
1538,evie,1688
1539,evil,367
1540,evin,864
1541,evo,2026
1542,evolution,763
1543,ew,56271
1544,ewa,1596
1545,ex,47713
1546,exact,809
1547,exactly,644
1548,exam,2150
1549,example,1538
1550,except,679
1551,exchange,675
1552,exec,4028
1553,executive,3600
1554,exist,1174
1555,existe,406
1556,exit,1028
1557,exp,15291
1558,expand,873
1559,expect,3005
1560,expected,1837
1561,experience,1717
1562,expert,1545
1563,experts,1030
1564,explain,1426
1565,explained,635
1566,explo,1540
1567,expo,997
1568,expose,424
1569,express,1564
1570,expressed,839
1571,extra,1038
1572,extrem,1220
1573,extreme,715
1574,ey,51759
1575,eye,1696
1576,eyes,674
1577,ez,3320
1578,fa,38355
1579,face,3425
1580,fact,4222
1581,facto,1159
1582,factor,1063
1583,fai,4723
1584,fail,2343
1585,failed,1108
1586,failure,586
1587,fair,1779
1588,fait,540
1589,faith,532
1590,fake,753
1591,fal,2913
1592,fall,1989
1593,false,710
1594,fam,6563
1595,familie,1226
1596,families,1226
1597,family,3786
1598,famous,608
1599,fan,2034
1600,far,4565
1601,fare,605
1602,farm,829
1603,fas,1831
1604,fast,951
1605,fat,3093
1606,fath,2098
1607,father,2066
1608,fav,1707
1609,favor,1655
1610,fe,58887
1611,fea,3752
1612,fear,1646
1613,feat,2015
1614,feature,903
1615,fec,4631
1616,fed,4442
1617,fede,3725
1618,feder,3725
1619,federal,3512
1620,fee,4941
1621,feel,2919
1622,feelin,767
1623,feeling,767
1624,feet,738
1625,fell,1528
1626,fellow,751
1627,felt,1409
1628,fema,746
1629,female,742
1630,fen,5013
1631,fend,2035
1632,fer,14619
1633,ferenc,3217
1634,ferre,778
1635,ferri,865
1636,fess,2746
1637,fest,667
1638,fet,1727
1639,ff,49432
1640,ffa,936
1641,ffice,7712
1642,ffs,1014
1643,fi,78580
1644,fic,23768
1645,fica,2669
1646,fice,7946
1647,fide,1018
1648,fied,3054
1649,fiel,1729
1650,field,1729
1651,fig,5247
1652,fight,3561
1653,fighter,847
1654,fightin,983
1655,fighting,983
1656,figur,1627
1657,figure,1517
1658,file,1417
1659,filed,777
1660,fill,1267
1661,film,1778
1662,fin,13841
1663,fina,4913
1664,final,2347
1665,finally,670
1666,finan,2554
1667,financial,1701
1668,find,3340
1669,finding,781
1670,fine,1345
1671,fing,2256
1672,fir,15284
1673,fire,2916
1674,fired,727
1675,firm,3437
1676,firmed,924
1677,first,8615
1678,fis,1092
1679,fit,3360
1680,fits,1120
1681,five,2021
1682,fix,676
1683,fl,14126
1684,fla,2476
1685,flag,662
1686,flat,652
1687,flo,2987
1688,flow,954
1689,flu,1996
1690,flue,1417
1691,fly,947
1692,fo,132185
1693,foc,2072
1694,focus,2028
1695,foll,3065
1696,follow,3041
1697,followed,810
1698,following,852
1699,foo,2838
1700,food,1452
1701,foot,1255
1702,forc,6121
1703,force,5708
1704,forced,992
1705,forces,1513
1706,ford,1754
1707,fore,11227
1708,foreign,2327
1709,form,14467
1710,forma,4306
1711,forman,1058
1712,format,2591
1713,formation,2445
1714,forme,6313
1715,formed,942
1716,former,5369
1717,forms,685
1718,fort,4843
1719,forts,1536
1720,forward,1219
1721,found,5638
1722,four,2824
1723,fr,49841
1724,fra,3207
1725,frau,611
1726,fraud,537
1727,fre,4699
1728,free,2956
1729,freed,735
1730,freedom,657
1731,fri,4973
1732,frica,963
1733,friend,3356
1734,friends,1682
1735,fro,36136
1736,front,2182
1737,fru,783
1738,fs,1715
1739,ft,29380
1740,fte,19962
1741,fter,16260
1742,fti,780
1743,fu,21918
1744,fue,563
1745,fug,1913
1746,ful,9293
1747,full,3323
1748,fully,1813
1749,fun,4275
1750,fund,2817
1751,funding,775
1752,fur,1939
1753,furth,1212
1754,fuse,1147
1755,fused,800
1756,fut,1783
1757,future,1636
1758,fy,2438
1759,fyi,797
1760,ga,48240
1761,gag,1354
1762,gage,1144
1763,gai,10392
1764,gain,10359
1765,gains,6844
1766,gal,5114
1767,gall,874
1768,game,2678
1769,gan,9748
1770,gar,3185
1771,gard,1312
1772,gas,1112
1773,gat,9155
1774,gate,2099
1775,gather,962
1776,gato,915
1777,gator,911
1778,gave,1341
1779,gay,747
1780,gaz,890
1781,gazi,810
1782,ge,106843
1783,ged,9127
1784,gee,1785
1785,gees,1149
1786,gel,3196
1787,gem,1258
1788,gen,16598
1789,genc,5976
1790,gence,2214
1791,gender,1068
1792,gene,4320
1793,genera,3639
1794,general,2479
1795,generation,681
1796,gent,2545
1797,gents,977
1798,geo,839
1799,ger,12711
1800,gers,1977
1801,gest,5243
1802,gested,1154
1803,get,13744
1804,geth,1889
1805,gets,1082
1806,gett,1548
1807,gettin,1487
1808,getting,1487
1809,gg,9985
1810,gh,62135
1811,gha,1666
1812,ghani,679
1813,ghb,1675
1814,ghe,2139
1815,gho,1047
1816,ght,35751
1817,gi,33467
1818,gia,1254
1819,gic,1993
1820,gin,11640
1821,gina,1465
1822,ging,5300
1823,gini,819
1824,ginia,744
1825,ginni,792
1826,ginning,792
1827,girl,1316
1828,gis,3874
1829,gist,2070
1830,git,1312
1831,giv,5335
1832,give,4362
1833,given,1960
1834,givi,962
1835,givin,956
1836,giving,956
1837,gl,13327
1838,gle,4469
1839,gli,1921
1840,gling,752
1841,glo,2467
1842,glob,1837
1843,global,1686
1844,gly,2623
1845,gm,1133
1846,gn,22337
1847,gna,2412
1848,gnat,971
1849,gni,3579
1850,go,40970
1851,goa,1241
1852,goal,1125
1853,goes,857
1854,goi,6355
1855,goin,6345
1856,going,6344
1857,gol,1200
1858,gold,683
1859,gon,2248
1860,gone,973
1861,goo,4022
1862,good,3906
1863,gor,1071
1864,got,4600
1865,gov,9469
1866,gove,9409
1867,govern,9393
1868,governmen,7807
1869,government,7807
1870,governo,1046
1871,governor,1046
1872,gr,48086
1873,gra,17885
1874,grad,1492
1875,gram,3753
1876,grams,962
1877,gran,4590
1878,grand,998
1879,grant,3524
1880,grants,2216
1881,graph,2051
1882,gre,15148
1883,great,3225
1884,greater,566
1885,greed,1021
1886,green,721
1887,gress,5017
1888,gro,12211
1889,ground,2378
1890,group,6229
1891,groups,2119
1892,grow,2889
1893,growin,973
1894,growing,973
1895,growth,940
1896,gs,14456
1897,gt,5333
1898,gu,22693
1899,guard,801
1900,gui,2581
1901,guide,655
1902,gul,3162
1903,gula,2938
1904,gulati,1055
1905,gum,867
1906,gun,2862
1907,gus,1082
1908,gust,809
1909,guy,1169
1910,ha,304885
1911,hab,942
1912,hack,987
1913,hae,1831
1914,hai,3488
1915,hair,2543
1916,hal,6275
1917,half,1998
1918,hall,2844
1919,halle,1885
1920,ham,4323
1921,hamm,658
1922,hamp,1101
1923,han,30632
1924,hand,4372
1925,hands,1083
1926,hang,6823
1927,hanged,989
1928,hanging,610
1929,hani,1153
1930,hank,1045
1931,hanks,435
1932,hap,6376
1933,happ,3825
1934,happen,2963
1935,happened,1168
1936,happens,451
1937,happy,661
1938,har,16900
1939,hara,1946
1940,hard,3701
1941,hare,2211
1942,hared,687
1943,hari,1063
1944,harm,993
1945,hat,126877
1946,hate,1595
1947,hav,37206
1948,hb,2038
1949,hbo,1735
1950,hd,1316
1951,head,5200
1952,heal,3744
1953,health,3600
1954,hear,4686
1955,heard,1157
1956,hearing,1204
1957,heart,1333
1958,heat,1583
1959,heav,1023
1960,heck,1520
1961,hed,10713
1962,hee,1840
1963,heir,21013
1964,hel,11348
1965,held,1846
1966,hell,1101
1967,helm,610
1968,help,5966
1969,helped,1338
1970,hem,14364
1971,heme,756
1972,hems,1457
1973,hen,25478
1974,hersel,658
1975,hes,11236
1976,hese,5534
1977,het,5061
1978,hether,3596
1979,hey,30549
1980,hi,195392
1981,hib,841
1982,hic,20469
1983,hid,771
1984,high,4846
1985,higher,922
1986,highly,595
1987,hil,14476
1988,hile,7044
1989,hill,711
1990,hin,39104
1991,hina,3450
1992,hind,1926
1993,hine,2570
1994,hines,1909
1995,hing,21274
1996,hip,6506
1997,hips,1009
1998,hire,1050
1999,hist,3637
2000,historic,750
2001,history,2136
2002,hit,9116
2003,hite,7152
2004,hm,3057
2005,hn,7773
2006,ho,143043
2007,hoc,960
2008,hock,807
2009,hod,823
2010,hoe,968
2011,hoi,1562
2012,hold,3477
2013,holding,893
2014,hole,1662
2015,hom,8262
2016,homa,1001
2017,home,5363
2018,homes,743
2019,hon,5392
2020,hone,3684
2021,honor,755
2022,hoo,10453
2023,hood,2212
2024,hoose,506
2025,hoot,1894
2026,hooting,1343
2027,hop,4325
2028,hope,2443
2029,hor,8575
2030,hort,2071
2031,hos,14587
2032,hose,10746
2033,hosp,1288
2034,hospita,1264
2035,hospital,1248
2036,host,2408
2037,hot,5514
2038,hough,6550
2039,hould,5337
2040,hour,2412
2041,hours,1691
2042,house,2894
2043,hout,4259
2044,howe,2579
2045,however,1189
2046,hr,21329
2047,hra,788
2048,hs,5042
2049,ht,37139
2050,hte,3841
2051,htin,1262
2052,http,470
2053,https,470
2054,hu,17724
2055,hug,1015
2056,huge,803
2057,hum,3606
2058,huma,2355
2059,human,2317
2060,humani,450
2061,hun,2319
2062,hund,1329
2063,hundred,1163
2064,hundreds,924
2065,hus,2196
2066,husband,1024
2067,hut,1010
2068,hw,1398
2069,hwa,732
2070,hy,8124
2071,ia,90036
2072,iab,933
2073,iam,2748
2074,ian,20542
2075,ib,19897
2076,iba,773
2077,ibi,3086
2078,ic,201645
2079,ically,3713
2080,ican,21027
2081,icat,5823
2082,ice,32064
2083,iced,641
2084,ices,4017
2085,ich,22756
2086,ichael,1655
2087,ici,20332
2088,icia,10750
2089,ick,9942
2090,icke,2350
2091,ico,2920
2092,ics,6481
2093,icu,4408
2094,icy,3497
2095,id,153672
2096,ida,8459
2097,ide,56321
2098,idea,2350
2099,ideas,630
2100,identified,707
2101,ideo,3023
2102,ides,2964
2103,idg,1211
2104,idi,2648
2105,iding,1377
2106,ido,541
2107,ids,1500
2108,ie,104760
2109,ied,11887
2110,ies,34304
2111,ife,6814
2112,iff,6715
2113,ifo,2575
2114,ig,83341
2115,ige,3130
2116,igi,4053
2117,ign,19209
2118,ij,1389
2119,ik,23262
2120,ika,617
2121,ike,20610
2122,ikes,986
2123,iki,874
2124,il,138421
2125,ila,4348
2126,ile,17734
2127,iles,2311
2128,ilia,2697
2129,ilian,1294
2130,ilie,1430
2131,ill,56450
2132,illary,1972
2133,illed,2915
2134,illegal,1757
2135,ills,1325
2136,ils,2753
2137,ily,7934
2138,im,92555
2139,ima,8974
2140,image,1179
2141,imm,6952
2142,immediate,1194
2143,immediately,822
2144,immig,3916
2145,immigrant,1623
2146,immigrants,1264
2147,immigration,2248
2148,imo,1682
2149,impact,809
2150,imply,1061
2151,import,2666
2152,important,1994
2153,improv,1148
2154,improve,882
2155,ims,5313
2156,ina,23297
2157,inc,25115
2158,ince,7296
2159,incident,671
2160,incl,8487
2161,include,2943
2162,included,1155
2163,includes,695
2164,including,5198
2165,income,851
2166,increase,2102
2167,increased,652
2168,increasing,1137
2169,increasingly,765
2170,ind,19913
2171,inde,2693
2172,independent,763
2173,indica,1048
2174,indicate,599
2175,individual,1368
2176,individuals,580
2177,indo,724
2178,industry,1480
2179,ine,38819
2180,ines,9798
2181,inf,6879
2182,influence,952
2183,info,2979
2184,inform,2765
2185,informa,2354
2186,information,2172
2187,ing,264823
2188,inge,1862
2189,inger,1270
2190,ingi,870
2191,ings,10214
2192,ini,19475
2193,init,2197
2194,initial,876
2195,ink,10090
2196,inking,1336
2197,inks,782
2198,inn,4745
2199,inne,1852
2200,inner,1266
2201,inning,1644
2202,ins,24119
2203,inside,1299
2204,insist,864
2205,instead,1104
2206,institut,883
2207,institution,723
2208,insurance,1221
2209,int,49837
2210,inte,19653
2211,intel,1953
2212,intell,1919
2213,intelli,1677
2214,intelligence,1604
2215,intend,1084
2216,intent,717
2217,inter,12710
2218,interes,2769
2219,interest,2769
2220,interests,684
2221,intern,2694
2222,international,1403
2223,interne,702
2224,internet,690
2225,interview,3647
2226,inton,7285
2227,intro,881
2228,invest,6098
2229,investiga,3925
2230,investigation,2304
2231,investment,911
2232,investor,764
2233,involve,1869
2234,involved,1254
2235,io,185009
2236,ion,159256
2237,iona,17411
2238,ione,2209
2239,ions,33851
2240,iot,1272
2241,iou,8432
2242,ious,8341
2243,ip,20225
2244,ipa,2169
2245,ips,1876
2246,iq,1391
2247,ir,81313
2248,ira,2141
2249,irc,1994
2250,ird,1682
2251,ire,18442
2252,ired,3614
2253,iri,2667
2254,irin,1319
2255,irl,2733
2256,irls,714
2257,irm,4925
2258,irma,1889
2259,iron,1568
2260,irp,1068
2261,irr,866
2262,irs,11334
2263,isa,4325
2264,isco,2663
2265,ise,14640
2266,iser,2105
2267,ish,13847
2268,isi,14464
2269,isis,1041
2270,isl,3030
2271,isla,2380
2272,ism,7092
2273,iso,5130
2274,ison,2852
2275,isp,2946
2276,isr,718
2277,iss,13042
2278,isse,1240
2279,issu,4731
2280,issue,4535
2281,issued,910
2282,issues,1658
2283,ist,47592
2284,ister,3670
2285,isto,4184
2286,istory,2304
2287,itai,1496
2288,itc,1972
2289,itch,1802
2290,ite,32138
2291,ites,1909
2292,ith,60907
2293,ithe,1731
2294,iti,42446
2295,itin,3293
2296,itn,951
2297,ito,4430
2298,itt,16297
2299,ittle,3160
2300,ity,33488
2301,iu,2775
2302,iv,71793
2303,ive,52681
2304,ively,2117
2305,iver,8902
2306,ivers,5705
2307,ives,6366
2308,ivo,902
2309,ix,4241
2310,iz,18277
2311,iza,4053
2312,ize,10823
2313,ja,2915
2314,je,6383
2315,ji,1630
2316,jo,13510
2317,job,4003
2318,jobs,1754
2319,joi,2110
2320,join,2087
2321,joined,804
2322,jour,1718
2323,journal,1399
2324,journalist,1015
2325,journalists,597
2326,joy,936
2327,ju,16683
2328,jud,2455
2329,judge,1641
2330,jury,586
2331,jus,10651
2332,justic,948
2333,justice,947
2334,ka,4558
2335,ke,88895
2336,ked,14611
2337,kee,3361
2338,keep,3009
2339,ken,5737
2340,kept,1342
2341,ker,10673
2342,kes,6398
2343,key,2569
2344,kh,904
2345,ki,35164
2346,kid,1141
2347,kids,652
2348,kil,4483
2349,kill,4362
2350,killed,2012
2351,killin,1075
2352,killing,1075
2353,kin,24674
2354,kind,2563
2355,king,20233
2356,kl,4870
2357,kla,792
2358,kly,2411
2359,kn,12586
2360,knew,1145
2361,know,9936
2362,knowled,1459
2363,knowledge,1270
2364,known,2706
2365,knows,593
2366,ko,2635
2367,kot,289
2368,kr,838
2369,kt,472
2370,ku,738
2371,ky,2477
2372,la,142430
2373,lab,3621
2374,labor,1513
2375,lac,11986
2376,lace,6590
2377,laced,925
2378,laces,951
2379,lack,4783
2380,lad,1941
2381,lag,1931
2382,lage,916
2383,lah,852
2384,lai,7930
2385,lain,3465
2386,laine,986
2387,lam,5771
2388,lame,1026
2389,lan,23126
2390,lance,1363
2391,land,8330
2392,lands,1081
2393,lane,1600
2394,lang,977
2395,language,784
2396,lann,1890
2397,lant,2132
2398,lap,1232
2399,laps,634
2400,lapse,510
2401,lar,18598
2402,large,4182
2403,largely,889
2404,larges,1016
2405,largest,994
2406,lars,1420
2407,lary,2229
2408,las,14924
2409,lash,1229
2410,lass,2928
2411,lassi,935
2412,last,9134
2413,lat,22531
2414,late,9987
2415,lated,1986
2416,later,3551
2417,lates,1516
2418,latest,1184
2419,latin,719
2420,lating,656
2421,lau,2411
2422,laugh,776
2423,launc,665
2424,launch,664
2425,law,9892
2426,laws,1885
2427,lawsuit,866
2428,lawyer,2099
2429,lawyers,860
2430,lay,9222
2431,layed,1591
2432,layer,2038
2433,layers,1228
2434,laying,1107
2435,lays,922
2436,lb,2395
2437,ld,80989
2438,ldn,1462
2439,lds,1571
2440,le,229839
2441,lea,28955
2442,lead,8293
2443,leader,4949
2444,leaders,3070
2445,leadership,880
2446,leading,1168
2447,league,1317
2448,leak,831
2449,leaks,230
2450,lean,1371
2451,lear,6562
2452,learn,1591
2453,learned,694
2454,lease,3564
2455,leased,1875
2456,least,2826
2457,leave,1874
2458,leaving,936
2459,leb,1736
2460,led,26996
2461,ledge,1981
2462,lee,1775
2463,lef,3739
2464,left,3536
2465,leg,11877
2466,lega,5745
2467,legal,4064
2468,legislation,826
2469,lei,650
2470,lem,6293
2471,lems,1241
2472,len,9651
2473,leng,2248
2474,lent,2733
2475,lep,1232
2476,les,21548
2477,less,6843
2478,lest,1313
2479,let,8015
2480,lete,2510
2481,lets,815
2482,lett,1777
2483,lette,1464
2484,letter,1401
2485,lev,4742
2486,leve,2419
2487,level,2047
2488,levels,538
2489,levi,1594
2490,levis,1521
2491,lex,1778
2492,ley,3457
2493,lg,1102
2494,li,206112
2495,lia,8630
2496,liam,2010
2497,liar,785
2498,liat,912
2499,lib,3057
2500,liber,1880
2501,liberal,1015
2502,lic,31182
2503,lice,6285
2504,lick,423
2505,lid,1712
2506,lie,14556
2507,lied,1333
2508,lief,764
2509,lien,1681
2510,lier,2028
2511,lies,3570
2512,liev,3724
2513,life,4135
2514,liga,375
2515,light,4103
2516,like,17008
2517,likely,2519
2518,lim,6713
2519,lima,1603
2520,limit,1449
2521,lin,39543
2522,lina,1315
2523,line,8876
2524,lined,1558
2525,lines,1800
2526,ling,17119
2527,lings,1084
2528,link,1022
2529,lint,7417
2530,linton,7216
2531,lion,8852
2532,lions,1468
2533,lip,1936
2534,lipp,777
2535,lis,13792
2536,list,6586
2537,liste,1162
2538,listen,742
2539,lists,1463
2540,lit,27268
2541,lite,1395
2542,liter,572
2543,little,2886
2544,liv,7425
2545,live,5839
2546,liver,1556
2547,lives,1392
2548,livin,1244
2549,living,1244
2550,liz,3558
2551,liza,894
2552,lk,7647
2553,llega,2477
2554,lls,6267
2555,lm,7431
2556,lme,940
2557,lmost,1947
2558,ln,1389
2559,lo,90695
2560,loa,1432
2561,lob,3034
2562,lobb,656
2563,loc,6396
2564,local,2220
2565,lock,2679
2566,locke,722
2567,log,6277
2568,logic,1062
2569,logical,950
2570,loma,952
2571,lon,12068
2572,lone,1343
2573,long,9271
2574,longer,1211
2575,loo,9124
2576,look,5453
2577,looked,959
2578,lookin,1425
2579,looking,1424
2580,looks,595
2581,lop,2999
2582,lora,542
2583,lore,674
2584,lori,1553
2585,los,10851
2586,lose,4926
2587,losing,942
2588,loss,1221
2589,lost,1686
2590,lot,5549
2591,lots,644
2592,lou,2029
2593,loud,703
2594,love,2405
2595,low,15110
2596,lowe,4074
2597,lower,1660
2598,lowers,530
2599,lowing,1881
2600,lows,1031
2601,lp,7917
2602,lr,3129
2603,lse,2795
2604,lt,28231
2605,lthough,1244
2606,lu,28711
2607,luc,872
2608,lue,3918
2609,lun,1705
2610,lure,730
2611,lute,729
2612,lva,1226
2613,ly,110537
2614,lyi,1154
2615,lyin,1143
2616,lying,1142
2617,lyn,1477
2618,mac,2688
2619,maca,1041
2620,mach,777
2621,machi,615
2622,machine,584
2623,mad,7419
2624,made,6492
2625,mag,4592
2626,magi,1259
2627,mai,8817
2628,mail,3025
2629,mails,799
2630,main,5620
2631,mains,1539
2632,mainstrea,473
2633,mainstream,473
2634,maintain,747
2635,maj,3311
2636,major,3268
2637,majority,1098
2638,mak,11334
2639,make,8937
2640,maker,1726
2641,makers,1152
2642,makes,1336
2643,maki,2370
2644,makin,2363
2645,making,2362
2646,mal,7393
2647,male,1375
2648,mali,614
2649,mall,3280
2650,man,37486
2651,mana,2387
2652,manage,2053
2653,manager,878
2654,mance,1077
2655,manda,530
2656,mane,653
2657,mani,1175
2658,mann,607
2659,mans,627
2660,mant,629
2661,manu,921
2662,many,9135
2663,mar,11876
2664,mari,1084
2665,mark,5280
2666,marke,3191
2667,market,2767
2668,markets,637
2669,marks,959
2670,marr,1208
2671,mart,1012
2672,mary,1015
2673,mas,3971
2674,mass,1309
2675,massi,363
2676,massiv,335
2677,massive,335
2678,mat,15603
2679,mate,6166
2680,mated,776
2681,mater,776
2682,materia,654
2683,material,654
2684,mates,827
2685,mati,5062
2686,matic,1490
2687,matt,1957
2688,matte,1901
2689,matter,1894
2690,may,6477
2691,maybe,628
2692,mayo,952
2693,mayor,929
2694,maz,904
2695,mb,25624
2696,mba,2710
2697,mbas,1172
2698,mbe,14035
2699,mbl,2156
2700,mea,6290
2701,mean,3855
2702,meaning,576
2703,means,1202
2704,meant,826
2705,measure,1498
2706,med,19234
2707,medi,7551
2708,media,5613
2709,mediate,1254
2710,medic,1628
2711,medical,1128
2712,mee,3726
2713,meet,3557
2714,meeting,2577
2715,mel,2342
2716,mem,7623
2717,member,5994
2718,members,3567
2719,memo,1371
2720,men,64345
2721,mend,1724
2722,ment,52662
2723,mental,2197
2724,mente,876
2725,mention,856
2726,ments,8346
2727,meo,1818
2728,mer,30492
2729,mera,826
2730,merge,1584
2731,merica,13721
2732,merican,10327
2733,mericans,2491
2734,mero,668
2735,mers,2274
2736,mes,22930
2737,mess,2236
2738,messa,1938
2739,message,1815
2740,mest,685
2741,met,8221
2742,meth,3593
2743,mf,901
2744,mi,98968
2745,mic,7495
2746,mica,703
2747,mid,2320
2748,middle,649
2749,mie,1017
2750,mig,9464
2751,might,3726
2752,migrant,2635
2753,migrants,1978
2754,migration,2927
2755,mil,20004
2756,mila,1580
2757,mile,1395
2758,miles,979
2759,mili,6210
2760,milia,832
2761,milita,3614
2762,militar,3083
2763,military,2980
2764,mill,6046
2765,milli,5758
2766,million,5710
2767,millions,1046
2768,min,32236
2769,mina,6209
2770,minati,1971
2771,mind,1796
2772,mine,4641
2773,mined,738
2774,ming,7647
2775,mini,8674
2776,minis,7478
2777,minister,1384
2778,ministra,5369
2779,ministration,4974
2780,minor,997
2781,minori,670
2782,minute,1247
2783,minutes,1010
2784,mir,1449
2785,mis,12716
2786,mise,2384
2787,miss,5847
2788,missile,854
2789,mission,3056
2790,mist,2245
2791,mista,604
2792,mistake,562
2793,mit,9118
2794,mitt,4384
2795,ml,915
2796,mm,29498
2797,mma,2636
2798,mme,8581
2799,mmigration,2709
2800,mmo,2194
2801,mn,2388
2802,mni,666
2803,mo,89907
2804,mob,592
2805,moc,7400
2806,mocrat,6432
2807,mod,3078
2808,mode,2532
2809,model,916
2810,modern,706
2811,mom,2122
2812,moment,1947
2813,mon,19195
2814,mone,3281
2815,money,2917
2816,mong,3755
2817,mons,1270
2818,mont,5876
2819,month,5555
2820,months,2693
2821,moo,860
2822,mor,23898
2823,mora,767
2824,moral,444
2825,morn,1740
2826,mornin,1739
2827,morning,1739
2828,mos,11968
2829,mostly,826
2830,mot,5516
2831,moth,2183
2832,mother,2015
2833,motion,1129
2834,motiv,693
2835,mou,4167
2836,mount,1765
2837,mous,1658
2838,move,5537
2839,moved,1755
2840,movement,1132
2841,movie,1220
2842,movin,910
2843,moving,910
2844,mp,90494
2845,mpa,17981
2846,mpac,871
2847,mph,1015
2848,mpla,1542
2849,mpr,2893
2850,mps,1410
2851,ms,20329
2852,mself,2145
2853,mu,19844
2854,much,5460
2855,mul,1991
2856,multi,1071
2857,multiple,648
2858,mun,4616
2859,murder,988
2860,mus,4532
2861,music,1547
2862,must,1837
2863,mys,1032
2864,na,99605
2865,nab,1685
2866,nabl,1333
2867,nad,1478
2868,nada,593
2869,nag,3519
2870,nai,823
2871,nal,35859
2872,naly,1842
2873,nam,5667
2874,name,4539
2875,named,1269
2876,names,775
2877,nan,5679
2878,nance,1073
2879,nap,1270
2880,nar,3592
2881,narr,886
2882,nary,1224
2883,nas,673
2884,nat,25013
2885,nate,6002
2886,nation,12563
2887,national,6142
2888,nations,1260
2889,nativ,744
2890,native,717
2891,nato,2923
2892,natur,1429
2893,natural,612
2894,nature,817
2895,nb,2075
2896,nc,100492
2897,nca,600
2898,nce,55752
2899,nci,9386
2900,ncil,1602
2901,ncis,957
2902,nco,4826
2903,ncome,881
2904,ncr,4191
2905,nd,328413
2906,nda,13003
2907,nde,30990
2908,ndi,18180
2909,ndl,2066
2910,ndr,3234
2911,nds,12353
2912,ne,189631
2913,nea,5102
2914,near,4203
2915,nearly,1945
2916,nec,2988
2917,nece,1006
2918,necessary,647
2919,ned,25017
2920,nee,8278
2921,need,5381
2922,needed,1136
2923,needs,967
2924,nef,1767
2925,nei,2249
2926,neighbor,1559
2927,neighborhood,968
2928,nel,3398
2929,nell,797
2930,nem,1346
2931,nent,2645
2932,neo,342
2933,nera,5784
2934,nes,22697
2935,ness,8963
2936,nest,983
2937,net,5200
2938,network,1495
2939,neu,1048
2940,nev,4410
2941,neve,4028
2942,never,3962
2943,new,16671
2944,news,5726
2945,newspaper,753
2946,nex,3900
2947,next,3313
2948,nf,18296
2949,nfa,879
2950,nfl,3177
2951,ng,318624
2952,nga,1620
2953,ngo,689
2954,ngr,4657
2955,ngs,11909
2956,nh,2764
2957,nha,1597
2958,ni,101239
2959,nia,6600
2960,nial,551
2961,nian,1673
2962,nic,6137
2963,nie,5686
2964,nies,2917
2965,nif,2726
2966,nigh,4210
2967,night,4206
2968,nin,20970
2969,ning,19623
2970,nior,2165
2971,nip,479
2972,nis,14290
2973,nist,10315
2974,nit,19085
2975,nite,9542
2976,niv,4537
2977,nj,2812
2978,nk,18883
2979,nl,13637
2980,nm,11517
2981,nme,10248
2982,nn,29725
2983,nnu,1049
2984,noi,628
2985,nom,7530
2986,nomi,5506
2987,nominee,1375
2988,non,4123
2989,none,570
2990,nore,624
2991,nori,947
2992,norm,1260
2993,norma,726
2994,normal,724
2995,north,986
2996,nos,995
2997,note,2397
2998,noted,1192
2999,nothe,4805
3000,nother,4804
3001,nothin,1469
3002,nothing,1468
3003,notice,707
3004,nou,6329
3005,noun,3435
3006,nounced,2049
3007,nov,1314
3008,np,2033
3009,npr,915
3010,nr,2054
3011,ns,134452
3012,nsa,1462
3013,nsc,852
3014,nsf,917
3015,nside,4465
3016,nso,3058
3017,nsw,1406
3018,nt,290992
3019,nted,7314
3020,nth,8012
3021,ntis,1112
3022,nts,28948
3023,ntu,2930
3024,nu,19400
3025,nuclear,1054
3026,nui,683
3027,num,4302
3028,numb,3515
3029,number,3478
3030,numbers,873
3031,nus,1205
3032,nut,1828
3033,nv,17877
3034,nvic,919
3035,nw,1980
3036,nwa,755
3037,ny,32654
3038,nyo,1239
3039,nyone,1182
3040,nyt,1977
3041,nz,1209
3042,oach,2520
3043,oar,2632
3044,oas,1180
3045,oat,1473
3046,ob,22908
3047,oba,3778
3048,obe,2820
3049,ober,1793
3050,obi,1388
3051,object,817
3052,obs,3422
3053,obvious,537
3054,oc,41503
3055,oca,5526
3056,ocal,2775
3057,occ,2478
3058,occur,784
3059,oce,3904
3060,och,913
3061,oci,6408
3062,oco,467
3063,ocracy,578
3064,ocrat,6553
3065,oct,1513
3066,octors,689
3067,od,36080
3068,odd,1101
3069,ode,5601
3070,oder,1388
3071,odes,945
3072,ody,3499
3073,offen,985
3074,offer,3048
3075,offered,1039
3076,office,6441
3077,officer,3185
3078,officers,1879
3079,official,7494
3080,officials,5271
3081,oft,4183
3082,often,3007
3083,og,20559
3084,oga,1518
3085,ogan,879
3086,oge,2562
3087,ogis,732
3088,ogle,934
3089,ogn,1117
3090,ogni,1045
3091,ogre,1025
3092,ogres,997
3093,oh,5675
3094,ohn,3587
3095,oi,26888
3096,oic,2621
3097,oil,1719
3098,ois,1216
3099,ok,25144
3100,oked,1754
3101,ol,102466
3102,ola,3953
3103,old,16800
3104,olde,2229
3105,older,1375
3106,oldie,772
3107,olds,803
3108,ole,8516
3109,oles,874
3110,olice,5614
3111,olin,1516
3112,olina,1005
3113,olle,5292
3114,olli,1290
3115,olly,921
3116,ollywood,722
3117,olor,1013
3118,om,160814
3119,oma,6946
3120,oman,3471
3121,omas,734
3122,omb,3745
3123,ome,49152
3124,omen,7198
3125,omeone,1626
3126,omer,1512
3127,omm,16745
3128,oms,1504
3129,ona,27931
3130,onc,8853
3131,onde,2765
3132,onder,976
3133,one,42392
3134,ones,3440
3135,ong,23481
3136,ongs,1225
3137,onlin,1336
3138,online,1335
3139,ono,6747
3140,ons,57176
3141,onside,2804
3142,ont,25048
3143,ontent,906
3144,onto,824
3145,oo,64068
3146,oof,905
3147,ook,16845
3148,oom,4409
3149,oops,677
3150,oot,4684
3151,op,67645
3152,opa,700
3153,oped,1067
3154,open,3970
3155,opened,926
3156,opening,767
3157,opera,3293
3158,operate,692
3159,operation,1638
3160,operations,706
3161,opi,3353
3162,opini,762
3163,opinion,758
3164,opm,1056
3165,opp,7378
3166,oppo,4477
3167,opponent,818
3168,opportunity,799
3169,oppose,946
3170,opposition,1021
3171,opr,776
3172,ops,1703
3173,opt,2202
3174,option,888
3175,ora,7021
3176,oral,1306
3177,oration,729
3178,orb,750
3179,orc,7600
3180,ord,21532
3181,orde,6871
3182,order,6312
3183,orders,912
3184,ore,41515
3185,orea,2145
3186,org,6475
3187,organ,3453
3188,organization,2024
3189,organizations,778
3190,organize,755
3191,orig,1223
3192,origin,1222
3193,original,946
3194,orin,1280
3195,ork,27289
3196,orkin,2500
3197,oro,1707
3198,orr,5110
3199,ort,44257
3200,orta,4097
3201,orwa,1373
3202,os,81489
3203,osh,619
3204,osi,7379
3205,osp,2733
3206,oss,9976
3207,ost,24248
3208,osu,1034
3209,ot,121734
3210,ota,3264
3211,ote,23319
3212,oth,29424
3213,othe,22383
3214,others,2836
3215,othing,1918
3216,otin,3047
3217,oto,3034
3218,ots,2438
3219,ott,4408
3220,ou,257542
3221,ouch,1147
3222,oud,1452
3223,ought,5206
3224,ould,36040
3225,oun,44387
3226,ounce,3251
3227,ound,18066
3228,ous,27467
3229,ously,2684
3230,outs,2916
3231,outside,2068
3232,ova,1949
3233,oval,877
3234,ove,45817
3235,overage,988
3236,overs,2279
3237,overt,951
3238,ovid,3003
3239,ow,91528
3240,oward,2055
3241,owe,14052
3242,owed,4211
3243,owing,4406
3244,owl,2571
3245,owned,580
3246,owner,1201
3247,owns,1045
3248,ows,4161
3249,ox,4118
3250,oy,9577
3251,oye,3325
3252,oz,1993
3253,pa,80871
3254,pac,4159
3255,pace,1892
3256,pack,843
3257,pact,965
3258,pagan,257
3259,page,1206
3260,pai,10573
3261,paid,1146
3262,paign,6763
3263,pain,1755
3264,paint,745
3265,pair,860
3266,pal,1245
3267,pan,12840
3268,pane,957
3269,pap,1902
3270,pape,1843
3271,paper,1843
3272,par,30534
3273,para,2549
3274,pare,4640
3275,pared,1321
3276,parent,2576
3277,parents,1296
3278,pari,897
3279,park,912
3280,part,20442
3281,parti,4585
3282,partici,935
3283,participa,934
3284,particular,1859
3285,particularly,1088
3286,partie,784
3287,parties,775
3288,partner,1190
3289,partners,653
3290,parts,945
3291,party,3233
3292,pas,6749
3293,pass,3865
3294,passe,1686
3295,passed,943
3296,past,2735
3297,pat,5635
3298,pate,750
3299,path,1249
3300,patient,1223
3301,patients,827
3302,pay,3718
3303,pe,122010
3304,pea,14967
3305,peace,1076
3306,peak,3357
3307,peake,1009
3308,peaking,1015
3309,pear,4304
3310,pears,791
3311,peat,1271
3312,pee,3209
3313,pell,769
3314,pen,16315
3315,pend,4495
3316,pending,1364
3317,pene,2301
3318,pens,2146
3319,pent,1511
3320,peo,15893
3321,peopl,15790
3322,people,15790
3323,per,37079
3324,pera,4403
3325,percent,6157
3326,perf,2678
3327,perfect,613
3328,perform,1939
3329,performance,942
3330,perhaps,981
3331,period,1046
3332,perm,1328
3333,pers,6951
3334,perso,4402
3335,person,4402
3336,persona,1994
3337,personal,1836
3338,pert,2735
3339,pes,1787
3340,pet,2927
3341,petit,1446
3342,petition,801
3343,ph,15627
3344,pha,1651
3345,phi,2056
3346,phil,509
3347,pho,5634
3348,phon,3034
3349,phone,2852
3350,photo,1803
3351,photograph,863
3352,phys,958
3353,physical,603
3354,pi,33859
3355,pic,7269
3356,pica,842
3357,pick,1372
3358,picture,882
3359,pid,792
3360,pie,2591
3361,piece,1171
3362,pil,1660
3363,pin,8061
3364,pine,653
3365,ping,5617
3366,pio,1306
3367,pip,420
3368,pipe,395
3369,pir,2589
3370,piri,730
3371,pis,1489
3372,piso,934
3373,pit,6075
3374,pita,3026
3375,pl,71063
3376,pla,26148
3377,place,6044
3378,placed,888
3379,places,909
3380,plain,3170
3381,plan,7638
3382,plane,1243
3383,planet,332
3384,plans,1653
3385,plant,1082
3386,plat,936
3387,play,6972
3388,played,1395
3389,player,1770
3390,players,1107
3391,playin,896
3392,playing,896
3393,ple,28791
3394,plea,1114
3395,pleas,665
3396,pled,944
3397,plied,842
3398,plo,6945
3399,ploy,3604
3400,ply,3171
3401,pm,1666
3402,po,104480
3403,poc,486
3404,poi,6573
3405,point,6167
3406,pointe,1345
3407,pointed,1206
3408,points,1156
3409,pok,3740
3410,poke,3699
3411,pokes,1880
3412,pol,21125
3413,poli,17643
3414,polic,9159
3415,police,4638
3416,policies,1329
3417,policy,3033
3418,politi,7760
3419,politic,7751
3420,politica,5413
3421,political,5413
3422,politician,870
3423,politicians,591
3424,politics,1347
3425,poll,2039
3426,polls,787
3427,polo,807
3428,pon,8992
3429,pond,2146
3430,pone,1238
3431,ponen,1142
3432,pons,4415
3433,poo,1681
3434,poor,1000
3435,pop,3721
3436,popular,1486
3437,population,986
3438,por,29903
3439,porat,1155
3440,port,27427
3441,porta,3194
3442,porte,8285
3443,porter,3762
3444,porters,2522
3445,porti,1936
3446,porting,1276
3447,ports,3768
3448,pos,17313
3449,pose,4605
3450,posed,2769
3451,posit,4166
3452,position,3115
3453,positions,584
3454,positiv,571
3455,possible,1972
3456,post,3480
3457,poste,1441
3458,posted,1182
3459,pot,3189
3460,potent,1692
3461,potential,1596
3462,pow,4206
3463,powe,4136
3464,power,4136
3465,powerful,848
3466,pp,41745
3467,ppi,2681
3468,ppl,3785
3469,pple,1138
3470,pr,105608
3471,pra,3321
3472,practice,1115
3473,pray,620
3474,pre,37581
3475,prec,1579
3476,predict,864
3477,prefer,615
3478,prem,2144
3479,prep,1413
3480,prepare,847
3481,pres,23047
3482,present,4314
3483,presenta,1672
3484,presente,727
3485,presented,698
3486,presi,11106
3487,presid,11104
3488,preside,11066
3489,presiden,10974
3490,presidency,826
3491,president,10141
3492,presidential,2555
3493,press,5857
3494,presse,1410
3495,pressed,1346
3496,pression,801
3497,pressure,1073
3498,pretty,649
3499,prev,2834
3500,prevent,993
3501,previo,1519
3502,previous,1519
3503,previously,687
3504,pri,15246
3505,price,1348
3506,prim,2003
3507,prima,1249
3508,primar,1183
3509,primary,822
3510,print,675
3511,prior,881
3512,pris,3371
3513,prise,1119
3514,prison,1687
3515,priv,2618
3516,privat,1959
3517,private,1885
3518,pro,49277
3519,prob,4339
3520,proba,1348
3521,probably,1135
3522,problem,2870
3523,problems,1195
3524,proc,3294
3525,process,2100
3526,prod,3747
3527,produce,1397
3528,product,2150
3529,production,712
3530,prof,3797
3531,profess,2131
3532,profession,855
3533,professional,763
3534,professor,1227
3535,profi,1370
3536,profit,1026
3537,prog,4042
3538,program,3135
3539,programs,885
3540,progress,882
3541,proje,1798
3542,project,1797
3543,prom,4859
3544,promis,2409
3545,promise,2053
3546,promised,785
3547,promo,967
3548,promot,960
3549,promote,611
3550,prop,4647
3551,proper,1290
3552,propo,2026
3553,propos,1694
3554,proposa,832
3555,proposal,832
3556,propose,735
3557,pros,2396
3558,prose,1503
3559,prosecutor,991
3560,prot,4811
3561,protect,2251
3562,protest,2219
3563,protester,685
3564,protesters,625
3565,protests,643
3566,prov,7688
3567,prove,2699
3568,proved,1167
3569,provide,2550
3570,provided,847
3571,ps,14357
3572,psy,821
3573,psych,729
3574,pt,18509
3575,pta,886
3576,pte,3165
3577,pti,6116
3578,pto,769
3579,pts,643
3580,pu,34677
3581,pub,15295
3582,public,13378
3583,publica,7641
3584,publican,7327
3585,publicans,2966
3586,publicly,753
3587,publish,1847
3588,published,1291
3589,pul,5071
3590,pull,1138
3591,pun,1274
3592,purp,736
3593,purpose,555
3594,pus,2663
3595,push,1819
3596,put,6903
3597,puter,769
3598,py,2129
3599,qi,627
3600,qu,24560
3601,qua,5081
3602,qual,1903
3603,quality,684
3604,quart,1108
3605,quarter,1089
3606,que,9979
3607,ques,6058
3608,quest,5674
3609,question,4239
3610,questions,1697
3611,qui,8645
3612,quick,1681
3613,quickly,1248
3614,quire,2269
3615,quired,849
3616,quit,1561
3617,quite,712
3618,quo,799
3619,quot,641
3620,quote,459
3621,ra,180870
3622,rabia,521
3623,race,3056
3624,racial,641
3625,racist,440
3626,rack,2899
3627,racy,1256
3628,rad,8992
3629,radi,3675
3630,radical,645
3631,radio,707
3632,radu,1007
3633,rae,2228
3634,raf,2452
3635,raff,892
3636,raffi,830
3637,raft,1430
3638,rag,6263
3639,rage,4700
3640,raged,808
3641,rah,970
3642,rai,10556
3643,raid,668
3644,rail,1090
3645,rain,4300
3646,raine,887
3647,raining,847
3648,raise,2593
3649,raised,1485
3650,rally,1702
3651,ram,6825
3652,rama,782
3653,rams,1077
3654,ran,28902
3655,rance,4182
3656,ranch,775
3657,rand,3169
3658,rang,2295
3659,range,1853
3660,rani,492
3661,rank,1438
3662,rant,6032
3663,rants,2666
3664,rap,5155
3665,rape,740
3666,rare,813
3667,ras,4701
3668,rash,832
3669,rat,42175
3670,rate,11897
3671,rated,2710
3672,rates,1553
3673,rath,1530
3674,rather,1262
3675,rating,1836
3676,ratio,15614
3677,ration,15579
3678,rations,2103
3679,rato,1578
3680,rats,3014
3681,ratu,675
3682,rau,1241
3683,rav,3553
3684,rave,2940
3685,ravel,2331
3686,raw,2524
3687,ray,2563
3688,raye,651
3689,raz,1324
3690,razi,862
3691,rb,7001
3692,rba,1741
3693,rbi,1168
3694,rbo,1135
3695,rby,866
3696,rc,32572
3697,rd,51112
3698,rda,3467
3699,rdi,8959
3700,rea,48337
3701,reach,2613
3702,reached,913
3703,react,925
3704,read,7201
3705,reade,671
3706,reader,636
3707,reading,654
3708,ready,3126
3709,real,7205
3710,reality,736
3711,realize,606
3712,really,3047
3713,ream,2308
3714,reason,2140
3715,reasons,590
3716,reb,1726
3717,rebel,727
3718,rec,25712
3719,recall,1343
3720,receive,2151
3721,received,1438
3722,recent,4874
3723,recently,1766
3724,recognize,604
3725,recommend,656
3726,record,2697
3727,records,750
3728,recto,3069
3729,rector,3063
3730,red,34097
3731,rede,641
3732,reds,1072
3733,reduce,809
3734,ree,21425
3735,reed,2468
3736,reem,1628
3737,rees,778
3738,ref,8997
3739,refer,2876
3740,reflect,907
3741,reform,723
3742,refuge,1624
3743,refugee,1534
3744,refugees,1055
3745,refuse,835
3746,reg,8216
3747,regard,976
3748,regime,364
3749,region,1354
3750,regis,768
3751,regula,2736
3752,regular,933
3753,regulation,983
3754,rei,10024
3755,reig,3205
3756,reign,3157
3757,rein,579
3758,reit,5890
3759,reitbart,5691
3760,reject,865
3761,relate,662
3762,related,565
3763,relation,2018
3764,relations,1950
3765,relationship,1324
3766,relative,1040
3767,release,2824
3768,released,1662
3769,religious,862
3770,rely,2094
3771,rem,13568
3772,remain,3053
3773,remains,1032
3774,remark,1233
3775,remember,841
3776,remi,2072
3777,remis,671
3778,remo,2213
3779,remove,925
3780,ren,23797
3781,rend,1394
3782,rene,904
3783,rent,9052
3784,rents,1470
3785,reo,681
3786,rep,19723
3787,repeat,1213
3788,repeated,1002
3789,replace,1177
3790,repo,10220
3791,report,10083
3792,reporte,5180
3793,reported,3229
3794,reporter,1951
3795,reporters,1158
3796,reports,1720
3797,represent,2029
3798,representa,652
3799,request,1249
3800,require,1945
3801,required,685
3802,res,75406
3803,research,2043
3804,researcher,689
3805,resent,4478
3806,resented,720
3807,resi,21818
3808,reside,20279
3809,residen,20132
3810,residency,910
3811,resident,19025
3812,residential,2803
3813,residents,1458
3814,resist,737
3815,resource,579
3816,resp,6078
3817,respect,1173
3818,respond,1976
3819,responde,1060
3820,response,1402
3821,responsible,646
3822,rest,9674
3823,resta,1077
3824,restaurant,947
3825,reste,1509
3826,rested,1484
3827,resting,501
3828,rests,1042
3829,result,2358
3830,results,924
3831,ret,12569
3832,rete,713
3833,retire,993
3834,rett,1173
3835,return,2517
3836,rev,8697
3837,reveal,1084
3838,revealed,603
3839,review,1340
3840,rey,735
3841,rf,6225
3842,rfa,770
3843,rfe,1158
3844,rg,31244
3845,rhe,654
3846,rho,1338
3847,ri,202490
3848,ria,12343
3849,rial,3337
3850,rib,6638
3851,ric,26234
3852,rica,16107
3853,rican,10995
3854,ricans,2544
3855,rice,2080
3856,rich,918
3857,rick,1280
3858,rid,7268
3859,rida,4048
3860,ride,1034
3861,ridge,1076
3862,rief,2680
3863,rien,5718
3864,rier,682
3865,ries,9279
3866,riff,847
3867,rig,9432
3868,rigg,338
3869,right,6680
3870,rights,2010
3871,rim,7985
3872,rima,1349
3873,rime,3644
3874,rimes,645
3875,rin,30486
3876,ring,24883
3877,rings,929
3878,rink,1003
3879,rio,7403
3880,rior,1896
3881,riot,889
3882,rip,3270
3883,ris,19095
3884,rise,2390
3885,rish,693
3886,rising,1017
3887,risk,1825
3888,rison,2139
3889,rita,2344
3890,rite,2695
3891,riv,8621
3892,riva,3424
3893,rival,1005
3894,rive,3929
3895,rived,938
3896,river,1381
3897,riz,2395
3898,rize,1295
3899,rizo,613
3900,rking,2842
3901,rl,26153
3902,rla,1325
3903,rm,38830
3904,rma,11152
3905,rms,3122
3906,rn,52381
3907,rna,7140
3908,rns,2632
3909,ro,190098
3910,roa,6006
3911,roach,1589
3912,road,3859
3913,rob,5595
3914,roba,1445
3915,roc,5040
3916,rock,1003
3917,rod,5175
3918,rofessor,1594
3919,rog,5093
3920,roi,966
3921,rok,1474
3922,rol,8706
3923,role,2351
3924,roll,2176
3925,rolle,819
3926,rolled,641
3927,rom,40793
3928,romo,1020
3929,romote,624
3930,ron,11898
3931,roo,6196
3932,roof,549
3933,room,3124
3934,rop,11285
3935,ropa,316
3936,rope,5373
3937,roper,1328
3938,rori,2845
3939,ros,8502
3940,rose,2227
3941,ross,3777
3942,rot,10327
3943,rote,8484
3944,roth,1168
3945,rother,1101
3946,rough,8797
3947,round,8313
3948,rous,2227
3949,rout,967
3950,rov,9436
3951,rove,3896
3952,roved,1168
3953,rover,732
3954,rovers,673
3955,rovin,814
3956,row,8645
3957,rowing,1350
3958,roy,1019
3959,rpo,2857
3960,rs,140137
3961,rsa,2255
3962,rt,115340
3963,rte,14764
3964,rthe,2402
3965,rti,15068
3966,rtl,1358
3967,rts,9950
3968,ru,66487
3969,ruc,5083
3970,rue,1484
3971,rug,3584
3972,rugs,712
3973,rui,1556
3974,rule,2728
3975,rules,1397
3976,ruling,746
3977,rum,34226
3978,rump,32805
3979,run,4894
3980,runnin,1314
3981,running,1314
3982,rup,2008
3983,rus,4650
3984,rush,863
3985,rust,2083
3986,rut,1699
3987,ruth,732
3988,rv,19506
3989,rw,3845
3990,ry,66080
3991,sa,107277
3992,sab,675
3993,sac,1333
3994,sad,1865
3995,sado,741
3996,safe,2051
3997,safety,896
3998,sag,2852
3999,sage,2279
4000,sai,58416
4001,said,57783
4002,sal,4501
4003,sale,1823
4004,sales,846
4005,sam,4259
4006,san,5359
4007,sand,2117
4008,sands,1451
4009,sap,1000
4010,sar,1883
4011,sas,1504
4012,sat,3587
4013,saul,1057
4014,sault,1056
4015,save,709
4016,saw,1720
4017,say,11674
4018,sayin,2887
4019,saying,2886
4020,says,2629
4021,sb,2725
4022,sba,1377
4023,sc,33247
4024,sca,4411
4025,scan,817
4026,scandal,593
4027,scape,749
4028,scar,1155
4029,scene,974
4030,sch,6859
4031,schedule,961
4032,school,4162
4033,schools,1115
4034,sci,3149
4035,science,896
4036,scientist,831
4037,scl,927
4038,sco,5160
4039,score,817
4040,screen,885
4041,scribe,2514
4042,scrip,954
4043,script,954
4044,sd,8211
4045,sda,7729
4046,se,218408
4047,sea,8482
4048,sear,3620
4049,search,3556
4050,searchers,621
4051,seas,2744
4052,sease,676
4053,season,1643
4054,seat,1076
4055,sec,11841
4056,seco,2239
4057,second,2237
4058,secret,2383
4059,secretary,1608
4060,sect,1074
4061,security,3054
4062,sed,25681
4063,see,13886
4064,seeing,711
4065,seek,1612
4066,seeking,750
4067,seem,3869
4068,seemed,1541
4069,seems,1110
4070,seen,2198
4071,sei,785
4072,sel,11983
4073,select,674
4074,self,5180
4075,sell,1604
4076,selv,1716
4077,selves,1716
4078,sem,2027
4079,semen,590
4080,sen,17614
4081,sena,979
4082,senat,853
4083,sence,854
4084,send,1156
4085,senior,1755
4086,sens,2423
4087,sense,1390
4088,sent,8185
4089,sentence,780
4090,sep,1275
4091,sepa,909
4092,separate,691
4093,ser,18202
4094,seri,2932
4095,serie,1517
4096,series,1502
4097,serio,1354
4098,serious,1347
4099,sert,961
4100,serve,3744
4101,served,1433
4102,server,471
4103,service,2255
4104,services,997
4105,ses,13349
4106,sess,1662
4107,session,789
4108,set,7012
4109,sets,698
4110,sett,2522
4111,settle,1450
4112,settlement,813
4113,seu,922
4114,sev,4758
4115,seven,1195
4116,sever,3403
4117,several,2858
4118,sex,2399
4119,sexual,1413
4120,sf,2410
4121,sg,1311
4122,sh,87968
4123,sha,6554
4124,share,2095
4125,shared,683
4126,shed,5095
4127,shel,703
4128,sher,1088
4129,shes,834
4130,shi,14951
4131,shift,1078
4132,shin,5487
4133,ship,5923
4134,ships,876
4135,shir,659
4136,shock,665
4137,shoo,1878
4138,shoot,1741
4139,shooting,1243
4140,shop,1230
4141,shor,2182
4142,short,1779
4143,shot,1948
4144,shou,5481
4145,show,7631
4146,showed,1209
4147,showin,618
4148,showing,616
4149,shows,1160
4150,shu,1139
4151,shut,794
4152,si,149675
4153,sia,8659
4154,sic,4695
4155,sid,31929
4156,side,31315
4157,siden,20347
4158,sident,19230
4159,sider,3154
4160,sides,850
4161,sie,1277
4162,sifi,652
4163,sig,8368
4164,sigh,710
4165,sight,647
4166,sign,7617
4167,signed,1780
4168,significa,1346
4169,significant,1231
4170,signs,650
4171,sil,2780
4172,sile,1483
4173,sim,3500
4174,simi,1458
4175,similar,1361
4176,simp,1675
4177,simple,623
4178,simply,960
4179,sin,25769
4180,since,4346
4181,sine,4336
4182,sines,4253
4183,sing,15327
4184,single,1246
4185,sion,20799
4186,siona,2258
4187,sir,647
4188,sis,7412
4189,sista,1328
4190,sistan,1328
4191,siste,2119
4192,sit,17754
4193,site,3505
4194,sites,668
4195,siti,5811
4196,sitio,4177
4197,situ,1066
4198,situation,1026
4199,siv,5273
4200,sive,5233
4201,six,1653
4202,size,987
4203,sk,13908
4204,sked,3804
4205,ski,3011
4206,skin,1222
4207,sky,913
4208,slam,3821
4209,slav,486
4210,slee,745
4211,sleep,621
4212,sli,3758
4213,slim,2066
4214,slims,714
4215,slow,973
4216,sly,3195
4217,sm,16236
4218,sma,6224
4219,small,2507
4220,sme,1328
4221,sn,6228
4222,social,2398
4223,society,592
4224,sod,1059
4225,soft,1029
4226,sol,5723
4227,sola,623
4228,sold,1460
4229,soldier,706
4230,soli,714
4231,solution,1018
4232,solve,719
4233,som,17735
4234,someone,1535
4235,somethin,3027
4236,something,3027
4237,sometime,1175
4238,sometimes,1127
4239,son,21680
4240,sona,2571
4241,sonal,1943
4242,song,969
4243,sons,1670
4244,soo,1396
4245,soon,1268
4246,sor,5830
4247,sort,1424
4248,sou,5332
4249,sound,1125
4250,sour,2103
4251,source,1704
4252,sources,1024
4253,sout,1014
4254,south,1013
4255,sp,48526
4256,spa,4214
4257,space,1267
4258,spar,989
4259,spe,19319
4260,speak,2423
4261,speaking,760
4262,spec,9114
4263,specia,3078
4264,special,3077
4265,specially,1435
4266,specific,968
4267,spee,2644
4268,speech,2214
4269,spen,3725
4270,spend,2039
4271,spending,928
4272,spent,1363
4273,spira,760
4274,spit,3195
4275,spite,1649
4276,spoke,3577
4277,spokes,1837
4278,spokesman,1218
4279,spor,2177
4280,sport,2115
4281,sports,996
4282,spot,871
4283,spread,1117
4284,sq,1727
4285,sr,3427
4286,sra,2228
4287,ss,103833
4288,ssa,8180
4289,sses,3859
4290,ssi,28826
4291,ssing,2888
4292,ssm,1528
4293,ssu,7204
4294,st,299449
4295,sta,47492
4296,stab,2190
4297,staff,1578
4298,stag,1904
4299,stage,1392
4300,stake,1003
4301,stan,11166
4302,stance,2417
4303,stand,5231
4304,standard,996
4305,standin,1454
4306,standing,1453
4307,star,6456
4308,start,4413
4309,started,1718
4310,stat,16414
4311,state,13600
4312,stated,706
4313,statement,3800
4314,states,2293
4315,stati,1713
4316,station,1050
4317,status,675
4318,stau,1092
4319,stay,1641
4320,ste,32971
4321,stead,2238
4322,sted,7341
4323,stein,877
4324,stem,3319
4325,stems,533
4326,stent,726
4327,step,2148
4328,ster,12398
4329,stern,2320
4330,sti,36533
4331,stig,4556
4332,stil,5273
4333,still,4750
4334,sting,3889
4335,stock,850
4336,stone,771
4337,stood,926
4338,stop,2864
4339,stopped,734
4340,stor,10082
4341,store,1465
4342,stories,901
4343,story,4320
4344,str,34909
4345,strate,2396
4346,strategi,820
4347,strategy,704
4348,stream,1112
4349,street,1445
4350,streng,675
4351,strength,675
4352,strict,2565
4353,strike,1229
4354,strong,2161
4355,structure,906
4356,strug,1231
4357,struggle,812
4358,sts,12885
4359,stu,8202
4360,stud,5711
4361,student,2860
4362,students,1925
4363,studie,835
4364,study,1601
4365,sty,1433
4366,style,719
4367,su,64507
4368,sua,2652
4369,sually,856
4370,sub,4519
4371,subject,999
4372,subs,1778
4373,success,1996
4374,successful,845
4375,sue,5451
4376,sued,1292
4377,sues,1700
4378,suffer,865
4379,sug,2858
4380,suggest,2679
4381,suggested,1129
4382,sui,2901
4383,suit,2018
4384,sul,4102
4385,sum,4285
4386,sumer,911
4387,summe,1107
4388,summer,1076
4389,sun,1026
4390,sup,9558
4391,supe,1212
4392,super,1212
4393,supp,8035
4394,support,6446
4395,supporte,2271
4396,supported,739
4397,supporter,1531
4398,supporters,1222
4399,suppose,676
4400,supposed,634
4401,sur,14864
4402,sura,1495
4403,suran,1431
4404,sure,6399
4405,surge,1211
4406,surprise,799
4407,sus,3196
4408,suspect,1127
4409,sw,6065
4410,swe,2550
4411,swo,996
4412,sy,8887
4413,syc,799
4414,syl,942
4415,sys,2976
4416,system,2965
4417,ta,149321
4418,tab,6297
4419,tabi,669
4420,table,3346
4421,tac,8659
4422,tack,6235
4423,tacks,2004
4424,tact,1481
4425,tag,4815
4426,tage,3329
4427,tai,11283
4428,tail,2358
4429,tails,950
4430,tained,1266
4431,tak,10643
4432,take,8515
4433,taken,2053
4434,takes,1090
4435,taki,2031
4436,taking,2010
4437,tal,16847
4438,tale,691
4439,tali,1885
4440,talk,3708
4441,talkin,1070
4442,talking,1070
4443,tall,1885
4444,tally,953
4445,tam,848
4446,tan,19226
4447,tance,3049
4448,tant,5310
4449,tap,1231
4450,tar,17547
4451,targ,1562
4452,target,1551
4453,tari,1458
4454,tart,4568
4455,tary,6575
4456,tas,1693
4457,tat,35281
4458,tate,26061
4459,tated,945
4460,tau,1484
4461,tax,3394
4462,taxes,706
4463,tay,1744
4464,tb,7616
4465,tc,9413
4466,tch,7931
4467,te,356630
4468,tea,8419
4469,teach,1045
4470,team,4061
4471,tech,2586
4472,techn,2103
4473,techno,1419
4474,technology,1132
4475,ted,73430
4476,tee,5657
4477,teen,1036
4478,tei,1266
4479,tel,13779
4480,tele,2294
4481,television,1359
4482,tell,5140
4483,telling,752
4484,tem,11643
4485,temp,3018
4486,tempo,810
4487,tempt,1521
4488,tems,838
4489,ten,23708
4490,tence,1163
4491,tend,4761
4492,tended,1742
4493,tens,2460
4494,tent,6276
4495,tention,1971
4496,ter,103349
4497,tera,2273
4498,tere,5117
4499,teri,3504
4500,term,3803
4501,termin,1533
4502,termine,923
4503,terms,933
4504,terri,1059
4505,terro,3430
4506,terror,3151
4507,terrorism,1112
4508,terrorist,1516
4509,terrorists,483
4510,tes,30709
4511,test,7770
4512,tester,796
4513,testers,729
4514,tests,1208
4515,tev,1706
4516,teve,1669
4517,tex,1034
4518,text,992
4519,tf,1913
4520,th,819698
4521,tha,116262
4522,thank,622
4523,thd,812
4524,thea,1019
4525,thems,1443
4526,theo,680
4527,thes,4939
4528,thi,44134
4529,thin,21510
4530,thing,12862
4531,things,2695
4532,think,6829
4533,thinkin,813
4534,thinking,813
4535,third,996
4536,tho,24083
4537,thor,4034
4538,thos,6989
4539,thou,10711
4540,though,5981
4541,thought,2095
4542,thousand,1475
4543,thousands,1301
4544,thr,15153
4545,threat,2481
4546,threaten,888
4547,three,4075
4548,thro,7528
4549,throughout,627
4550,throw,757
4551,thu,1180
4552,thus,640
4553,thy,1828
4554,ti,324329
4555,tia,11459
4556,tial,7568
4557,tian,1351
4558,tic,36279
4559,tica,8832
4560,tical,8379
4561,tice,4900
4562,tick,1260
4563,tics,3536
4564,tie,13510
4565,tien,1442
4566,tient,1310
4567,ties,10515
4568,til,9935
4569,tile,667
4570,till,5960
4571,tim,21422
4572,time,15476
4573,times,3867
4574,timo,715
4575,tin,50598
4576,tine,1476
4577,ting,39040
4578,tini,851
4579,tinian,731
4580,tiny,782
4581,tio,122475
4582,tion,121616
4583,tions,26456
4584,tip,1263
4585,tir,3191
4586,tire,2787
4587,tired,752
4588,tis,7218
4589,tisa,686
4590,tit,7993
4591,titi,1525
4592,title,1118
4593,tive,20368
4594,tives,3223
4595,tiz,2079
4596,tl,24789
4597,tle,10750
4598,tm,9735
4599,tn,3382
4600,tob,831
4601,toc,1331
4602,tock,1064
4603,tod,1903
4604,toda,1534
4605,today,1534
4606,together,1772
4607,tol,7675
4608,told,5801
4609,tom,3374
4610,toma,854
4611,tome,1045
4612,tomer,942
4613,ton,18353
4614,tone,1686
4615,toni,789
4616,tons,418
4617,took,3511
4618,top,6538
4619,toppe,813
4620,topped,800
4621,tor,37105
4622,tora,892
4623,tore,1712
4624,tori,4231
4625,toria,904
4626,tories,1454
4627,torn,1747
4628,tors,7525
4629,tort,597
4630,tory,7845
4631,tot,1348
4632,total,1241
4633,touch,754
4634,tour,1684
4635,tow,4495
4636,toward,1761
4637,town,2251
4638,tp,1494
4639,tps,470
4640,tr,103688
4641,tra,36186
4642,trac,3928
4643,track,1147
4644,tract,2400
4645,trad,3734
4646,trade,1871
4647,tradition,1332
4648,traditional,848
4649,traf,719
4650,traffic,714
4651,train,2219
4652,training,778
4653,tral,2329
4654,tran,5444
4655,trang,580
4656,trans,4366
4657,transit,993
4658,transition,871
4659,tras,663
4660,trat,9664
4661,travel,2047
4662,tray,689
4663,tre,12692
4664,treat,2264
4665,treatment,912
4666,tree,3372
4667,treme,994
4668,tres,1182
4669,tress,1127
4670,tri,19490
4671,trial,1385
4672,trib,2501
4673,tribu,2133
4674,tribute,1022
4675,trick,693
4676,trie,4200
4677,tried,1364
4678,tries,2731
4679,trin,614
4680,trio,724
4681,trip,1466
4682,tro,12786
4683,trod,910
4684,trol,3257
4685,troll,715
4686,tron,2949
4687,trong,2243
4688,troop,653
4689,troops,584
4690,trouble,754
4691,trove,762
4692,troy,699
4693,tru,9569
4694,truck,1224
4695,true,1058
4696,trug,1268
4697,trust,1242
4698,truth,610
4699,try,12925
4700,tryin,2197
4701,trying,2197
4702,ts,104542
4703,tse,1472
4704,tt,57241
4705,tto,2889
4706,ttp,476
4707,ttps,470
4708,tty,1101
4709,tu,48762
4710,tua,5769
4711,tual,4028
4712,tun,2733
4713,tur,24495
4714,turd,1826
4715,turin,786
4716,turing,785
4717,turn,6956
4718,turned,2441
4719,turning,807
4720,turns,748
4721,tus,1069
4722,tut,3542
4723,twa,716
4724,twee,5465
4725,tween,4469
4726,tweet,985
4727,twi,1761
4728,twit,808
4729,twitter,753
4730,two,10760
4731,twor,1874
4732,ty,52708
4733,typ,1543
4734,type,804
4735,ua,26779
4736,ubl,17450
4737,ubs,2301
4738,uc,35149
4739,uci,1244
4740,ucl,1140
4741,uct,7585
4742,ud,30555
4743,uden,3182
4744,udi,10549
4745,ue,39126
4746,uf,3898
4747,ugg,4782
4748,ugh,23904
4749,uic,2395
4750,uil,5236
4751,uit,5594
4752,uk,1213
4753,ul,86558
4754,ula,10695
4755,uli,2545
4756,ulle,1132
4757,ultima,822
4758,ultimate,808
4759,um,62211
4760,uma,3625
4761,uman,2984
4762,umi,711
4763,umm,2245
4764,ump,34873
4765,ums,1103
4766,un,109705
4767,una,2188
4768,unc,9755
4769,unci,1751
4770,und,35658
4771,understand,1573
4772,une,3636
4773,ung,5056
4774,uni,10774
4775,unica,919
4776,union,738
4777,unis,1099
4778,unit,4929
4779,uniti,1187
4780,unity,2960
4781,univ,1253
4782,universit,921
4783,unlike,676
4784,uns,3023
4785,unter,1730
4786,upi,578
4787,upon,535
4788,ups,3027
4789,ur,131925
4790,ural,2393
4791,uran,2737
4792,urea,834
4793,urge,2584
4794,uri,15493
4795,urin,7880
4796,uring,7673
4797,urn,11489
4798,urns,943
4799,uropean,2265
4800,urrently,578
4801,urt,8589
4802,urth,1828
4803,us,127739
4804,usa,3599
4805,usan,2023
4806,usb,1079
4807,use,34950
4808,used,7225
4809,user,946
4810,uses,2226
4811,usine,4243
4812,usines,4221
4813,using,3487
4814,usp,2218
4815,uss,10017
4816,ussia,6247
4817,ust,26677
4818,ustr,3687
4819,usual,1539
4820,usually,742
4821,ut,130946
4822,uta,1092
4823,utc,1154
4824,utes,1678
4825,uti,13674
4826,va,26301
4827,vai,1217
4828,vail,1169
4829,val,6086
4830,valu,1915
4831,value,1380
4832,van,4719
4833,vance,1057
4834,vant,1057
4835,vanta,666
4836,vantage,664
4837,var,2212
4838,various,614
4839,vas,1317
4840,vast,824
4841,vat,6808
4842,vate,2678
4843,vea,1207
4844,veal,1119
4845,vealed,611
4846,ved,12225
4847,veh,1138
4848,vehicle,1054
4849,veil,723
4850,vel,10744
4851,vela,680
4852,ven,24508
4853,veni,1558
4854,vent,7056
4855,vents,1061
4856,venue,1102
4857,ver,75523
4858,vera,6064
4859,vernor,1292
4860,vers,11877
4861,versa,2019
4862,verse,1887
4863,versi,5875
4864,version,1140
4865,vert,2399
4866,veryone,1343
4867,ves,18461
4868,vest,7008
4869,vesti,4505
4870,vet,1415
4871,vete,806
4872,veteran,695
4873,vey,1063
4874,vi,75276
4875,via,1043
4876,vic,9240
4877,vice,4949
4878,vices,1713
4879,victim,1489
4880,victims,968
4881,victor,1269
4882,victory,1083
4883,vid,11210
4884,vide,7576
4885,video,2330
4886,vie,10256
4887,view,8284
4888,viewed,830
4889,views,1585
4890,vil,4796
4891,villa,724
4892,vin,12489
4893,vince,788
4894,vio,6056
4895,viola,967
4896,violence,1278
4897,violent,670
4898,vis,12173
4899,vise,2571
4900,viser,1719
4901,vision,3140
4902,visit,2282
4903,vist,1064
4904,vit,3302
4905,vita,814
4906,viti,651
4907,viv,1507
4908,vive,685
4909,vo,22108
4910,voc,1787
4911,voice,1135
4912,void,1253
4913,vol,4549
4914,volved,1409
4915,vor,2692
4916,vot,7968
4917,vote,7069
4918,voted,1110
4919,voter,2666
4920,voters,2327
4921,votes,765
4922,voting,697
4923,vu,712
4924,wa,110653
4925,wag,1161
4926,wage,990
4927,wai,2113
4928,wait,1570
4929,wal,4021
4930,walk,1748
4931,wall,1732
4932,wan,8646
4933,want,7564
4934,wanted,1906
4935,wants,1008
4936,war,14144
4937,ward,5910
4938,wards,852
4939,ware,1570
4940,warm,808
4941,warn,1577
4942,warne,807
4943,warned,706
4944,wars,266
4945,wat,4572
4946,watch,2007
4947,water,2433
4948,wav,796
4949,wave,726
4950,way,14698
4951,ways,3791
4952,weak,645
4953,wealth,759
4954,weapon,1328
4955,weapons,947
4956,wear,1256
4957,web,1446
4958,webs,1147
4959,website,1142
4960,wed,6295
4961,wee,14468
4962,week,8032
4963,weekend,1045
4964,weeks,1884
4965,weet,1369
4966,wei,1305
4967,weigh,981
4968,wel,6013
4969,well,4745
4970,wen,2777
4971,went,2547
4972,wer,30098
4973,wes,1301
4974,west,1116
4975,wever,1742
4976,wh,100411
4977,wha,13083
4978,whe,25126
4979,whet,3379
4980,whether,3374
4981,whic,16412
4982,whil,5123
4983,whit,2809
4984,white,2781
4985,whole,1050
4986,whos,2269
4987,whose,2268
4988,wi,100348
4989,wic,954
4990,wide,2194
4991,wif,1746
4992,wife,1437
4993,wil,17768
4994,willi,924
4995,willing,873
4996,win,11550
4997,wind,1333
4998,wing,5888
4999,winn,1142
5000,winning,624
5001,wis,2694
5002,wise,600
5003,wish,1266
5004,wit,61529
5005,within,1394
5006,without,2779
5007,witness,660
5008,witt,5026
5009,witte,4948
5010,witter,4947
5011,wk,1115
5012,wl,3443
5013,wm,1110
5014,wo,69122
5015,woman,2694
5016,women,4284
5017,wonder,794
5018,woo,1447
5019,wood,1332
5020,wor,26679
5021,word,2199
5022,words,1233
5023,work,15178
5024,worked,1651
5025,worker,2309
5026,workers,1960
5027,workin,2378
5028,working,2378
5029,works,1534
5030,worl,5042
5031,world,5042
5032,worr,1260
5033,worse,671
5034,wort,1115
5035,worth,1114
5036,would,19716
5037,wound,771
5038,wr,9070
5039,wri,3489
5040,writ,3328
5041,write,1769
5042,writer,831
5043,writing,709
5044,written,832
5045,wron,1168
5046,wrong,1166
5047,wrot,3226
5048,wrote,3226
5049,ws,18163
5050,wth,1011
5051,wye,2246
5052,xi,7144
5053,xo,758
5054,xp,16221
5055,xpected,1856
5056,xpres,1696
5057,xpress,1696
5058,xtra,1060
5059,xtreme,744
5060,xu,1896
5061,ya,6425
5062,yan,2509
5063,ye,34644
5064,yea,18100
5065,year,18025
5066,years,9544
5067,yee,1706
5068,yer,6351
5069,yes,1374
5070,yet,1832
5071,yi,12875
5072,yin,12160
5073,ying,12139
5074,yle,1180
5075,yo,33387
5076,yon,4059
5077,youn,2734
5078,young,2732
5079,yr,4521
5080,yria,3224
5081,yt,4116
5082,za,6076
5083,zar,586
5084,ze,15002
5085,zed,5065
5086,zen,3169
5087,zil,833
5088,zine,825
5089,zing,2081
5090,zo,2428
5091,zone,544
5092,zu,759
